the, 8973
i, 6770
a, 4735
to, 4136
of, 4112
int, 3365
and, 3096
is, 3002
for, 2791
we, 2562
n, 2517
in, 2357
if, 2147
x, 1749
that, 1709
s, 1561
it, 1550
this, 1528
j, 1463
be, 1426
can, 1369
t, 1340
ll, 1254
b, 1226
you, 1204
k, 1191
will, 1140
with, 1065
are, 968
c, 949
all, 920
v, 901
d, 886
by, 871
problem, 870
on, 841
p, 777
m, 774
from, 732
at, 716
have, 711
contest, 704
first, 671
as, 670
number, 668
time, 666
one, 659
typedef, 643
there, 633
u, 623
r, 615
l, 608
dp, 605
problems, 584
return, 583
so, 581
e, 581
not, 564
find, 557
long, 552
then, 547
y, 542
tree, 538
each, 526
define, 525
solution, 516
some, 486
size, 485
or, 483
include, 468
using, 453
round, 448
let, 446
f, 445
o, 439
vector, 426
an, 418
now, 400
but, 395
which, 393
two, 386
order, 383
sum, 381
answer, 373
only, 372
set, 356
ans, 351
pb, 345
value, 334
was, 332
after, 324
pair, 320
do, 315
second, 311
also, 303
code, 300
my, 299
mod, 287
cur, 284
vec, 283
here, 282
else, 281
should, 279
than, 277
solve, 275
h, 274
node, 274
no, 272
q, 272
when, 271
cout, 266
other, 263
while, 263
max, 262
std, 260
add, 258
com, 258
them, 257
cin, 257
any, 256
use, 254
values, 254
cnt, 253
just, 252
make, 252
about, 250
need, 248
get, 247
more, 246
such, 244
note, 243
thus, 243
where, 243
has, 241
w, 236
how, 235
possible, 235
same, 233
good, 232
edge, 229
iterator, 229
what, 223
your, 222
know, 221
codeforces, 220
length, 216
namespace, 216
check, 213
string, 213
back, 212
like, 203
main, 202
point, 200
ii, 199
g, 198
vertex, 197
new, 197
end, 196
numbers, 195
const, 194
fi, 194
th, 193
see, 193
min, 191
type, 190
last, 190
void, 189
graph, 188
points, 187
div, 187
res, 187
http, 186
push, 186
most, 185
task, 184
would, 183
equal, 180
since, 180
our, 180
case, 179
top, 179
me, 178
update, 177
up, 175
se, 174
these, 173
tutorial, 171
even, 170
algorithm, 169
ds, 169
because, 168
complexity, 168
loading, 168
vertices, 166
may, 166
edges, 166
less, 165
cost, 163
consider, 162
query, 162
ext, 160
hpp, 160
pbds, 160
z, 158
they, 156
upd, 156
bits, 155
don, 155
out, 153
right, 152
left, 150
current, 148
total, 147
way, 146
take, 146
change, 145
tmp, 145
mid, 144
want, 143
list, 142
into, 139
scanf, 139
however, 138
part, 138
hours, 137
hi, 137
week, 136
dist, 136
start, 135
its, 135
through, 134
still, 134
both, 134
place, 134
must, 133
their, 132
bit, 131
double, 130
printf, 128
next, 127
blogspot, 127
used, 127
elements, 126
tag, 126
given, 125
petr, 125
stdc, 125
every, 124
map, 124
choose, 123
solutions, 122
mitrichev, 122
dfs, 121
binary, 119
before, 119
array, 119
vi, 119
over, 118
many, 117
path, 117
least, 117
idea, 117
move, 117
too, 117
key, 116
https, 116
id, 116
mp, 116
cycle, 114
were, 114
ld, 114
segment, 113
best, 113
try, 112
maximum, 112
adj, 112
easy, 111
otherwise, 111
pos, 111
hard, 109
iterate, 109
open, 109
who, 109
subtree, 107
final, 107
gnu, 107
calculate, 106
participate, 106
score, 106
hope, 106
very, 106
break, 106
think, 105
re, 105
ptr, 105
suppose, 104
st, 104
link, 104
element, 103
prime, 103
well, 103
bool, 103
fact, 102
flow, 102
whether, 101
input, 101
go, 99
tasks, 99
minimum, 99
base, 99
player, 99
search, 97
interesting, 97
us, 97
function, 96
test, 95
found, 95
different, 94
color, 94
power, 94
between, 94
true, 94
simple, 93
solved, 93
doesn, 92
primes, 91
contests, 91
editorial, 91
enough, 89
store, 88
participants, 88
team, 88
much, 88
inf, 88
system, 87
year, 87
please, 86
sort, 86
range, 86
sequence, 85
thanks, 85
low, 84
example, 83
done, 83
had, 83
rounds, 82
everyone, 82
held, 82
www, 82
bad, 82
container, 82
null, 82
mit, 82
atcoder, 82
post, 81
topcoder, 81
cap, 81
statistics, 81
policy, 81
sit, 81
prefix, 80
programming, 80
hello, 80
integer, 80
tie, 80
assoc, 80
fbo, 80
ook, 80
rb, 80
means, 79
already, 79
above, 78
mask, 78
perm, 78
those, 77
count, 77
data, 76
something, 76
instead, 76
luck, 76
he, 76
letter, 76
cycles, 76
position, 75
empty, 75
three, 75
times, 75
discuss, 75
root, 74
actually, 74
ways, 74
another, 74
false, 74
len, 74
stdout, 74
following, 73
integers, 73
write, 73
got, 73
high, 73
begin, 73
look, 72
people, 72
been, 72
day, 72
exactly, 71
operations, 71
finally, 71
par, 71
mult, 71
winners, 70
again, 70
row, 70
ioi, 70
cf, 69
codechef, 69
read, 69
help, 69
distance, 69
stdio, 69
works, 68
does, 68
compute, 68
queries, 68
maybe, 68
until, 67
competition, 67
lo, 67
during, 67
cases, 66
moves, 66
am, 66
utc, 66
big, 66
sync, 66
might, 65
later, 65
children, 65
online, 65
assert, 65
paths, 64
always, 64
state, 64
denote, 64
continue, 64
val, 64
details, 63
either, 63
keep, 63
prepared, 63
didn, 62
author, 62
scoring, 62
days, 62
solving, 62
blog, 62
rating, 62
ios, 62
without, 61
congratulations, 61
ve, 61
visited, 61
ma, 61
previous, 60
fflush, 60
minutes, 59
able, 59
small, 59
connected, 59
correct, 59
challenge, 59
digits, 59
output, 59
char, 59
line, 59
easily, 58
everybody, 58
going, 58
icpc, 58
form, 58
pairs, 58
say, 58
information, 58
down, 58
prove, 57
half, 57
interval, 57
cell, 57
could, 57
really, 57
finding, 57
cup, 57
group, 57
cc, 57
odd, 56
fixed, 56
increase, 56
once, 56
contestants, 56
print, 56
smallest, 56
match, 56
april, 56
vit, 56
pass, 55
create, 55
give, 55
operation, 55
statement, 55
digit, 55
slope, 55
process, 54
step, 54
why, 54
run, 54
remove, 54
nodes, 54
contains, 53
remaining, 53
suffix, 53
work, 53
moscow, 53
olympiad, 53
letters, 53
yandex, 53
handle, 53
starting, 52
smaller, 52
below, 52
parent, 52
his, 52
pf, 52
official, 51
level, 51
fast, 51
quite, 51
slow, 51
finals, 51
similar, 51
question, 51
square, 50
version, 50
strings, 49
dynamic, 49
single, 49
important, 49
enjoy, 49
lot, 49
testing, 49
takes, 49
mx, 49
greater, 48
result, 48
hackerearth, 48
thank, 48
available, 48
yes, 48
asks, 48
russia, 48
win, 48
call, 47
glebshp, 47
split, 47
zero, 47
num, 47
non, 46
better, 46
rated, 46
few, 46
did, 46
modulo, 46
mikemirzayanov, 46
won, 46
cells, 46
resize, 46
sets, 45
problemset, 45
shirt, 45
acm, 45
great, 45
source, 45
valid, 45
doing, 44
game, 44
stack, 44
struct, 44
thing, 44
kind, 44
elimination, 44
pq, 44
writer, 44
among, 43
counter, 43
original, 43
increasing, 43
saturday, 43
starts, 43
assume, 43
onsite, 43
public, 43
needed, 43
training, 43
eq, 43
nax, 43
nice, 42
made, 42
proof, 42
subtract, 42
though, 42
results, 42
column, 42
tournament, 42
ch, 42
english, 41
tomorrow, 41
sorted, 41
insert, 41
ax, 41
division, 41
cerr, 41
eidx, 41
standard, 40
condition, 40
several, 40
prizes, 40
changes, 40
ac, 40
multiple, 40
character, 40
steps, 40
build, 40
changing, 40
vis, 40
memset, 40
tr, 40
inline, 40
inv, 40
cord, 40
subset, 39
invite, 39
usual, 39
difference, 39
construct, 39
based, 39
simply, 39
page, 39
sunday, 39
announcement, 39
centroid, 39
positive, 38
divide, 38
firstly, 38
reach, 38
never, 38
comments, 38
inside, 38
weight, 38
trick, 38
sizeof, 38
community, 38
mul, 38
modpow, 38
ones, 37
linear, 37
shortest, 37
distinct, 37
registration, 37
show, 37
largest, 37
exists, 37
multiply, 37
large, 37
xor, 37
corresponding, 37
cannot, 37
subsequence, 37
old, 37
swap, 37
moment, 37
program, 37
block, 37
wrong, 37
addedge, 37
llong, 37
assign, 36
approach, 36
common, 36
required, 36
answers, 36
easier, 36
consists, 36
around, 36
wish, 36
fun, 36
remember, 36
determine, 36
added, 36
flip, 36
bear, 36
scores, 36
subtask, 36
china, 36
general, 36
directed, 36
states, 35
register, 35
algorithms, 35
queue, 35
difficulty, 35
ask, 35
srm, 35
special, 35
lower, 35
req, 35
grand, 35
md, 35
full, 34
inverse, 34
known, 34
method, 34
lazy, 34
clear, 34
constraints, 34
world, 34
grid, 34
except, 34
changed, 34
limit, 34
practice, 34
java, 34
faster, 34
come, 34
qualification, 34
balance, 34
cx, 34
cy, 34
rr, 34
observation, 33
russian, 33
rules, 33
written, 33
teams, 33
polygon, 33
soon, 33
third, 33
pre, 33
cel, 33
direction, 32
duration, 32
probability, 32
limak, 32
hint, 32
variable, 32
merge, 32
coding, 32
almost, 32
index, 32
chosen, 32
initial, 32
auto, 32
students, 32
side, 32
wsk, 32
ka, 32
ctsc, 32
permutation, 31
everything, 31
exceed, 31
tried, 31
extra, 31
interested, 31
clearly, 31
divisors, 31
today, 31
implement, 31
put, 31
capacity, 31
log, 31
positions, 31
squares, 31
events, 31
performance, 31
ang, 31
whole, 30
bound, 30
replace, 30
ourist, 30
maintain, 30
conditions, 30
entry, 30
impossible, 30
parts, 30
join, 30
university, 30
yet, 30
maxn, 30
mirror, 30
north, 30
tags, 30
desired, 29
twice, 29
force, 29
formula, 29
modify, 29
words, 29
thinking, 29
decided, 29
thought, 29
bottom, 29
advance, 29
turn, 29
prev, 29
crd, 29
endl, 29
lab, 29
constant, 28
reverse, 28
fill, 28
memory, 28
turned, 28
substring, 28
distribution, 28
front, 28
indeed, 28
coordinates, 28
table, 28
random, 28
under, 28
sorry, 28
questions, 28
red, 28
mn, 28
sure, 28
similarly, 28
chain, 28
combine, 28
site, 28
submissions, 28
requests, 28
mcmf, 28
vt, 28
contain, 27
pretty, 27
beginning, 27
participating, 27
allowed, 27
tester, 27
characters, 27
probably, 27
gives, 27
course, 27
considering, 27
terms, 27
formed, 27
participation, 27
nd, 27
hour, 27
errichto, 27
pow, 27
free, 27
fft, 27
unfortunately, 27
failed, 27
far, 27
itself, 27
convex, 27
jam, 27
denotes, 27
called, 27
msk, 27
nxt, 27
password, 27
calculated, 26
isn, 26
getting, 26
card, 26
looks, 26
exist, 26
trying, 26
including, 26
respectively, 26
subtrees, 26
na, 26
challenges, 26
tell, 26
rest, 26
harder, 26
forget, 26
setter, 26
decrease, 26
comment, 26
kan, 26
obviously, 26
egor, 26
usefinal, 26
upper, 25
implementation, 25
amount, 25
hold, 25
consecutive, 25
usually, 25
being, 25
optimal, 25
gift, 25
published, 25
maximal, 25
sample, 25
equivalent, 25
gcd, 25
resulting, 25
follows, 25
name, 25
accepted, 25
child, 25
tests, 25
four, 25
submission, 25
running, 25
format, 25
fenwick, 25
weights, 25
seems, 25
subtasks, 25
become, 25
abs, 25
sz, 25
google, 25
players, 25
penalty, 25
event, 25
sums, 24
timezone, 24
passed, 24
amazon, 24
editorials, 24
currently, 24
making, 24
turns, 24
greedy, 24
mark, 24
becomes, 24
apply, 24
fix, 24
components, 24
uses, 24
obtain, 24
triples, 24
guess, 24
tco, 24
deg, 24
developing, 24
transitions, 23
sizes, 23
submit, 23
reason, 23
receive, 23
matrix, 23
local, 23
codes, 23
adjacent, 23
complete, 23
together, 23
pm, 23
preparation, 23
vk, 23
height, 23
further, 23
negative, 23
ok, 23
choosing, 23
strategy, 23
participant, 23
cities, 23
little, 23
delta, 23
nm, 23
visit, 23
medal, 23
trivial, 22
scoreboard, 22
medium, 22
claim, 22
degree, 22
brute, 22
adding, 22
useful, 22
standings, 22
anyone, 22
global, 22
sometimes, 22
balls, 22
factors, 22
chinese, 22
international, 22
mind, 22
class, 22
arr, 22
idx, 22
weekly, 22
tournaments, 22
ay, 22
fracs, 22
trie, 21
ends, 21
february, 21
partial, 21
statements, 21
places, 21
looking, 21
moving, 21
finalists, 21
additional, 21
removed, 21
started, 21
described, 21
nik, 21
bug, 21
lca, 21
colors, 21
pop, 21
national, 21
qr, 21
announced, 21
erase, 21
file, 21
pi, 21
festival, 21
writing, 21
potential, 21
dsu, 21
totient, 21
obvious, 20
functions, 20
heavy, 20
translator, 20
someone, 20
reduce, 20
leaves, 20
authors, 20
created, 20
containing, 20
considered, 20
buy, 20
error, 20
years, 20
real, 20
allows, 20
till, 20
intended, 20
etr, 20
according, 20
rooted, 20
math, 20
repeat, 20
lld, 20
masks, 20
schedule, 20
live, 20
website, 20
october, 20
center, 20
appear, 20
coprime, 20
grundy, 20
ql, 20
poly, 20
hack, 19
reading, 19
ended, 19
substrings, 19
ago, 19
science, 19
exact, 19
notice, 19
circle, 19
permutations, 19
columns, 19
rows, 19
analysis, 19
came, 19
indices, 19
particular, 19
happens, 19
highest, 19
school, 19
beautiful, 19
feel, 19
style, 19
judge, 19
delete, 19
larger, 19
oleg, 19
series, 19
maxans, 19
cut, 19
mipt, 19
marks, 19
phi, 19
mingw, 19
corresponds, 19
farm, 19
cyc, 19
historic, 19
five, 18
naive, 18
classic, 18
provided, 18
sequences, 18
checking, 18
worst, 18
happen, 18
immediately, 18
theorem, 18
remains, 18
compete, 18
overall, 18
divisions, 18
bugs, 18
whenever, 18
off, 18
triangle, 18
alex, 18
operator, 18
bears, 18
spend, 18
component, 18
gp, 18
march, 18
polynomial, 18
track, 18
leaf, 18
edit, 18
issue, 18
require, 18
emplace, 18
winning, 18
actual, 18
compare, 18
ideas, 18
word, 18
narz, 18
feedback, 18
regional, 18
dpncr, 18
sub, 18
agg, 18
pk, 18
rabbit, 18
subrectangle, 18
triple, 18
couples, 18
haven, 17
having, 17
algorithmic, 17
approximate, 17
expect, 17
proved, 17
cool, 17
directly, 17
reduced, 17
connect, 17
representation, 17
defined, 17
preparing, 17
company, 17
needs, 17
sufficient, 17
equation, 17
possibly, 17
precision, 17
errors, 17
person, 17
normal, 17
close, 17
reduces, 17
matter, 17
posted, 17
anything, 17
generate, 17
median, 17
entire, 17
alexfetisov, 17
arrays, 17
per, 17
ms, 17
account, 17
segments, 17
decomposition, 17
blocked, 17
enter, 17
sign, 17
hand, 17
cards, 17
wins, 17
increases, 17
send, 17
corner, 17
black, 17
possibilities, 17
static, 17
bom, 17
japan, 17
poland, 17
jp, 17
mode, 17
spoiler, 17
bs, 17
gi, 17
gj, 17
qualifiers, 17
although, 17
month, 17
competitive, 17
cerc, 17
therefore, 16
space, 16
implemented, 16
property, 16
expected, 16
intersection, 16
boolean, 16
working, 16
issues, 16
follow, 16
gym, 16
removing, 16
chance, 16
ad, 16
induction, 16
winner, 16
meet, 16
frustrating, 16
endagorion, 16
love, 16
coordinate, 16
minus, 16
iterating, 16
bfs, 16
finished, 16
mistakes, 16
city, 16
structure, 16
mike, 16
fine, 16
tiles, 16
convert, 16
requires, 16
strictly, 16
col, 16
members, 16
share, 16
tested, 16
related, 16
understand, 16
rank, 16
distributed, 16
camp, 16
import, 16
pot, 16
selected, 16
country, 16
software, 16
mentioned, 16
july, 16
click, 16
label, 16
subsize, 16
cent, 16
picture, 16
coef, 16
article, 16
january, 16
boys, 16
gold, 16
curbit, 16
pts, 16
sieve, 15
colored, 15
implementing, 15
others, 15
challenging, 15
asked, 15
longer, 15
anyway, 15
nothing, 15
comes, 15
quickly, 15
holds, 15
care, 15
careful, 15
decreasing, 15
setters, 15
slightly, 15
interactive, 15
rd, 15
due, 15
runtime, 15
necessary, 15
along, 15
divisible, 15
organizers, 15
definitely, 15
coefficient, 15
glad, 15
recently, 15
goal, 15
foo, 15
shown, 15
support, 15
sink, 15
sa, 15
additionally, 15
enjoyed, 15
wouldn, 15
obtained, 15
factor, 15
assuming, 15
gen, 15
invert, 15
virtual, 15
updated, 15
hic, 15
traditional, 15
border, 15
petrozavodsk, 15
dy, 15
button, 15
south, 15
computed, 15
simpler, 15
dad, 15
iostream, 15
license, 15
template, 15
ever, 15
fa, 15
asking, 15
buffer, 15
siz, 15
competitions, 15
coeff, 15
rng, 15
calendar, 15
carry, 15
pole, 15
nt, 15
op, 15
cyclop, 15
mf, 15
short, 14
spent, 14
initially, 14
learn, 14
friends, 14
depends, 14
hackerrank, 14
technical, 14
trees, 14
feature, 14
ending, 14
opinion, 14
couple, 14
middle, 14
satisfy, 14
testers, 14
transform, 14
paper, 14
monday, 14
him, 14
wasn, 14
reached, 14
append, 14
depending, 14
language, 14
pick, 14
perform, 14
hence, 14
oo, 14
belong, 14
speed, 14
qualify, 14
said, 14
gcc, 14
own, 14
puts, 14
intersect, 14
makes, 14
discussion, 14
copy, 14
dx, 14
suma, 14
rem, 14
developer, 14
decreases, 14
things, 14
stress, 14
graphs, 14
increased, 14
bufferpos, 14
present, 14
deal, 14
opt, 14
december, 14
upto, 14
girls, 14
barcelona, 14
tile, 14
newcnt, 14
seemed, 14
fit, 13
produced, 13
comparing, 13
leaderboard, 13
org, 13
parity, 13
stop, 13
factorization, 13
taken, 13
bitset, 13
tuples, 13
groups, 13
shirts, 13
winger, 13
intervals, 13
increment, 13
correctly, 13
compiler, 13
represented, 13
returns, 13
couldn, 13
guys, 13
incorrect, 13
straightforward, 13
minute, 13
shows, 13
invented, 13
candidates, 13
remain, 13
product, 13
none, 13
dijkstra, 13
deque, 13
precompute, 13
storing, 13
sqrt, 13
blocks, 13
mirzayanov, 13
neg, 13
jj, 13
selection, 13
informatics, 13
versions, 13
occurrences, 13
parallel, 13
approximation, 13
yourself, 13
detailed, 13
control, 13
generated, 13
maximize, 13
worse, 13
stream, 13
ret, 13
area, 13
nlogn, 13
proceed, 13
sad, 13
functional, 13
segm, 13
coord, 13
xcoords, 13
buf, 13
view, 13
shouldn, 13
mandarin, 13
gritukan, 13
seq, 13
union, 13
hrs, 13
indian, 13
comp, 13
ldc, 13
igor, 13
counts, 12
bitmask, 12
structures, 12
skip, 12
hacks, 12
six, 12
lasts, 12
seen, 12
extended, 12
friend, 12
longest, 12
inequality, 12
perfect, 12
powers, 12
stonefeang, 12
addition, 12
within, 12
sorting, 12
plus, 12
lie, 12
denoting, 12
draw, 12
updating, 12
variables, 12
optimize, 12
treat, 12
info, 12
iteration, 12
travel, 12
processed, 12
prepare, 12
manage, 12
announce, 12
edition, 12
lowest, 12
eventually, 12
gets, 12
naively, 12
separate, 12
namely, 12
coordinator, 12
purpose, 12
determined, 12
willhack, 12
ci, 12
sc, 12
processing, 12
merging, 12
tc, 12
snarknews, 12
yesterday, 12
zemen, 12
sense, 12
provide, 12
united, 12
pashka, 12
advanced, 12
cdkrot, 12
regular, 12
skill, 12
unusual, 12
library, 12
november, 12
exp, 12
edt, 12
cs, 12
fb, 12
pointer, 12
covered, 12
pay, 12
diagram, 12
recent, 12
modified, 12
strong, 12
popcount, 12
sumdiv, 12
cherrytree, 12
huzecong, 12
vietnamese, 12
vnoi, 12
laddus, 12
suffixes, 12
prv, 12
que, 12
rowbit, 12
passwords, 12
prep, 12
coefficients, 11
palindromic, 11
calculating, 11
significant, 11
effectively, 11
experienced, 11
eatmore, 11
endpoints, 11
knows, 11
en, 11
subsets, 11
taking, 11
types, 11
theory, 11
nonnegative, 11
stored, 11
companies, 11
host, 11
users, 11
co, 11
station, 11
frequency, 11
successful, 11
various, 11
improve, 11
fcspartakm, 11
helped, 11
moved, 11
appeared, 11
topic, 11
description, 11
situation, 11
swapping, 11
invited, 11
likely, 11
technique, 11
combining, 11
appending, 11
tle, 11
alexander, 11
option, 11
blue, 11
differ, 11
message, 11
requirements, 11
stage, 11
warm, 11
submitting, 11
cstdio, 11
detail, 11
avoid, 11
managed, 11
rev, 11
hull, 11
slower, 11
vowel, 11
diagonal, 11
future, 11
ist, 11
passes, 11
isprime, 11
biggest, 11
past, 11
simulate, 11
ignore, 11
stdin, 11
girl, 11
received, 11
agc, 11
yneb, 11
presents, 11
september, 11
mainly, 11
lg, 11
gave, 11
equals, 11
relax, 11
clrlist, 11
leave, 11
machine, 11
kingofnumbers, 11
lobober, 11
efficient, 11
inversions, 11
fail, 11
continuous, 11
pp, 11
christmas, 11
zscoder, 11
evt, 11
ver, 11
oddc, 11
evenc, 11
pr, 11
pushdown, 11
ordinary, 11
moreover, 10
via, 10
ranges, 10
light, 10
divided, 10
allow, 10
wa, 10
anybody, 10
clash, 10
decent, 10
platform, 10
pointers, 10
lemma, 10
outside, 10
completely, 10
minimal, 10
separately, 10
opportunity, 10
stations, 10
fortunately, 10
prize, 10
lexicographical, 10
despite, 10
ps, 10
committee, 10
olympiads, 10
especially, 10
definition, 10
forbidden, 10
eligible, 10
alone, 10
polynomials, 10
popular, 10
hole, 10
setting, 10
differences, 10
screen, 10
reasons, 10
select, 10
closer, 10
passing, 10
gleb, 10
epifanov, 10
sgn, 10
sides, 10
championship, 10
competitors, 10
belarus, 10
mistake, 10
stay, 10
subsequences, 10
lines, 10
arterm, 10
ifsmirnov, 10
achieve, 10
approaches, 10
topics, 10
june, 10
limits, 10
dn, 10
python, 10
zos, 10
graa, 10
grab, 10
ab, 10
smu, 10
jury, 10
away, 10
arbitrary, 10
warranty, 10
relative, 10
helpful, 10
petersburg, 10
radoslav, 10
email, 10
submitted, 10
august, 10
foreign, 10
mincostflow, 10
denom, 10
alphabet, 10
sumg, 10
wlen, 10
huge, 10
blah, 10
video, 10
research, 10
term, 10
games, 10
etc, 10
links, 10
est, 10
budalnik, 10
ls, 10
beijing, 10
ex, 10
ildar, 10
gainullin, 10
eliminacji, 10
ayoyia, 10
loop, 9
filled, 9
happened, 9
room, 9
worked, 9
fixing, 9
reaches, 9
difficult, 9
implies, 9
neighbours, 9
knowing, 9
familiar, 9
platforms, 9
dinner, 9
rectangle, 9
indexed, 9
opposite, 9
thursday, 9
wants, 9
goes, 9
certain, 9
properties, 9
earlier, 9
participated, 9
matches, 9
oi, 9
easiest, 9
affect, 9
spanning, 9
lcp, 9
counted, 9
qwerty, 9
saw, 9
boy, 9
circles, 9
suitable, 9
maze, 9
appropriate, 9
specific, 9
coloring, 9
optimization, 9
development, 9
unknown, 9
bonus, 9
applying, 9
assignments, 9
canhack, 9
programmers, 9
minimize, 9
coming, 9
kostroma, 9
tries, 9
talk, 9
chmel, 9
tolstiy, 9
diagonals, 9
unique, 9
niyaznigmatul, 9
gears, 9
radar, 9
edu, 9
choice, 9
subtracted, 9
io, 9
regarding, 9
czybom, 9
maxd, 9
pusz, 9
myself, 9
ng, 9
geometry, 9
rightmost, 9
marcin, 9
korea, 9
iterations, 9
contradiction, 9
corners, 9
ndagorion, 9
planet, 9
jst, 9
focus, 9
higher, 9
basic, 9
iter, 9
coder, 9
prod, 9
appears, 9
priority, 9
dimensions, 9
prt, 9
ungetc, 9
lf, 9
mostly, 9
title, 9
wrote, 9
attention, 9
begins, 9
pizzas, 9
arc, 9
notes, 9
primitive, 9
triangles, 9
sendflow, 9
curflow, 9
combined, 9
drawing, 9
mean, 9
horizontal, 9
kinds, 9
harry, 9
ph, 9
viiiiiv, 9
configuration, 9
reproduce, 9
patchcord, 9
summary, 9
tt, 9
song, 9
rt, 9
objects, 9
visa, 9
nie, 9
ln, 9
xtmp, 9
ooo, 9
binomial, 8
techniques, 8
bigger, 8
shift, 8
covers, 8
efficiently, 8
refer, 8
possibility, 8
believe, 8
beat, 8
aren, 8
closest, 8
phase, 8
principle, 8
composite, 8
bc, 8
uniquely, 8
creating, 8
money, 8
network, 8
enot, 8
malcolm, 8
alexdmitriev, 8
pedestal, 8
bitwise, 8
unit, 8
depth, 8
built, 8
generating, 8
recurrence, 8
advantage, 8
custom, 8
section, 8
surprised, 8
default, 8
checked, 8
delay, 8
admin, 8
performances, 8
lewin, 8
watch, 8
swaps, 8
samples, 8
inclusive, 8
computing, 8
months, 8
category, 8
penguins, 8
complicated, 8
job, 8
remainder, 8
caterpillar, 8
self, 8
worry, 8
model, 8
unable, 8
king, 8
chains, 8
html, 8
personal, 8
evstropov, 8
expression, 8
natural, 8
correspond, 8
automatically, 8
li, 8
checker, 8
thoughts, 8
wanted, 8
joining, 8
leading, 8
systems, 8
bus, 8
noticed, 8
compiled, 8
ce, 8
produces, 8
levels, 8
complex, 8
kindly, 8
profile, 8
lying, 8
rule, 8
equations, 8
private, 8
yakutovdmitriy, 8
behind, 8
consist, 8
hopefully, 8
rather, 8
describe, 8
placement, 8
pl, 8
pdf, 8
files, 8
ile, 8
poty, 8
tutorials, 8
leftmost, 8
circuit, 8
deleted, 8
vertical, 8
canada, 8
opponent, 8
matching, 8
news, 8
amt, 8
says, 8
actions, 8
freopen, 8
txt, 8
fclose, 8
strange, 8
nullptr, 8
constraint, 8
rid, 8
sol, 8
writechar, 8
usage, 8
snuke, 8
tuesday, 8
thousands, 8
sugim, 8
welcome, 8
degwer, 8
optimum, 8
commonsum, 8
isdiagonal, 8
exponent, 8
vladislav, 8
compared, 8
fillall, 8
direct, 8
precomputation, 8
tmpmult, 8
msvcrt, 8
wonderful, 8
frame, 8
became, 8
floating, 8
subject, 8
text, 8
absolute, 8
knowledge, 8
play, 8
originally, 8
ratings, 8
central, 8
twitch, 8
hosted, 8
lots, 8
dreamoon, 8
logical, 8
dq, 8
xr, 8
bootcamp, 8
neighbour, 8
ppf, 8
iscycle, 8
mouses, 8
yutaka, 8
fractions, 8
translators, 8
oejy, 8
marathon, 8
interview, 8
mathematical, 8
likes, 8
tiny, 8
noi, 8
paired, 8
ept, 8
ta, 8
stationary, 8
denisson, 8
minima, 8
buffalo, 8
maxflow, 8
bigmod, 8
phival, 8
eval, 8
negativecost, 8
oncycle, 8
bestres, 8
coins, 8
bots, 7
zeros, 7
enumerate, 7
assigned, 7
comfortable, 7
beginners, 7
gor, 7
ensure, 7
fails, 7
wikipedia, 7
explain, 7
pigeonhole, 7
independent, 7
awesome, 7
technology, 7
modern, 7
processes, 7
presentation, 7
forward, 7
hr, 7
violists, 7
anywhere, 7
gas, 7
greedily, 7
location, 7
divisor, 7
decide, 7
challenged, 7
followed, 7
compressed, 7
scientific, 7
shortly, 7
names, 7
giving, 7
floor, 7
upcoming, 7
diameter, 7
favorite, 7
ready, 7
contribution, 7
connecting, 7
lists, 7
rounding, 7
took, 7
simulating, 7
nk, 7
endpoint, 7
apparently, 7
updates, 7
computer, 7
included, 7
fetisov, 7
merkurev, 7
extract, 7
simplify, 7
differs, 7
kk, 7
whose, 7
messages, 7
annual, 7
strongly, 7
finish, 7
analyze, 7
roughly, 7
wf, 7
translation, 7
gassa, 7
recursively, 7
quadrilateral, 7
belongs, 7
adjacency, 7
walk, 7
performers, 7
recursive, 7
compression, 7
diameters, 7
cross, 7
deleting, 7
valuable, 7
her, 7
hidden, 7
borders, 7
maxi, 7
stan, 7
lewo, 7
prawo, 7
ni, 7
plug, 7
amincomponents, 7
inc, 7
init, 7
developers, 7
translate, 7
semiexp, 7
closed, 7
report, 7
combination, 7
battles, 7
shorter, 7
divides, 7
stands, 7
ties, 7
angle, 7
whatever, 7
forgot, 7
cassert, 7
def, 7
action, 7
qs, 7
readint, 7
getchar, 7
failure, 7
github, 7
miss, 7
explanation, 7
lead, 7
extension, 7
qualifying, 7
testcases, 7
windows, 7
aim, 7
weekend, 7
ntmp, 7
prerequisites, 7
dppart, 7
curx, 7
isvalid, 7
helps, 7
save, 7
iprt, 7
printans, 7
fputc, 7
symbol, 7
qualified, 7
coci, 7
building, 7
happy, 7
hints, 7
previously, 7
discounts, 7
willing, 7
qualifier, 7
talking, 7
explicitly, 7
cet, 7
evaluation, 7
individually, 7
semifinal, 7
za, 7
itmo, 7
mm, 7
eddy, 7
house, 7
runs, 7
isok, 7
anymore, 7
elf, 7
movecnt, 7
east, 7
memoization, 7
useless, 7
jaddouh, 7
hu, 7
praveendhinwa, 7
cover, 7
ukraine, 7
hashes, 7
lunchtime, 7
vartem, 7
mirrors, 7
comparison, 7
history, 7
heuristic, 7
wc, 7
goods, 7
dimensional, 7
descendants, 7
zigui, 7
getid, 7
lis, 7
exponentiation, 6
bounds, 6
reply, 6
traverse, 6
late, 6
registered, 6
hacking, 6
belowthebelt, 6
consisting, 6
manually, 6
argument, 6
wait, 6
basically, 6
invitation, 6
includes, 6
helping, 6
wanbo, 6
tanya, 6
romanova, 6
shifts, 6
units, 6
rectangles, 6
sweep, 6
neighbors, 6
linked, 6
seconds, 6
derive, 6
dividing, 6
alternative, 6
improved, 6
tl, 6
behavior, 6
tool, 6
caused, 6
magic, 6
missed, 6
somewhere, 6
facebook, 6
life, 6
compile, 6
unrated, 6
indiahacks, 6
oodifficuit, 6
spaces, 6
investigate, 6
replacing, 6
exercise, 6
slowly, 6
represents, 6
evil, 6
generally, 6
succeed, 6
options, 6
often, 6
lost, 6
apple, 6
tab, 6
encountered, 6
ancestor, 6
sparse, 6
visible, 6
occurences, 6
board, 6
neccesary, 6
acs, 6
competing, 6
themselves, 6
pavelkunyavskiy, 6
examine, 6
abbreviations, 6
lengths, 6
loses, 6
suggests, 6
submissionscore, 6
applied, 6
extend, 6
clone, 6
successfully, 6
contact, 6
compilation, 6
classes, 6
carefully, 6
disjoint, 6
income, 6
balanced, 6
latest, 6
figure, 6
white, 6
knight, 6
pentagon, 6
infinity, 6
near, 6
le, 6
experience, 6
circuits, 6
uwi, 6
trip, 6
radius, 6
located, 6
existing, 6
cutting, 6
flush, 6
rep, 6
ojc, 6
ilosc, 6
gora, 6
dol, 6
inputstream, 6
util, 6
componentcellcount, 6
cid, 6
zmi, 6
ascending, 6
yosupo, 6
wu, 6
download, 6
ivan, 6
employees, 6
okay, 6
matched, 6
nw, 6
cmp, 6
testcase, 6
programs, 6
saint, 6
reyna, 6
dans, 6
countries, 6
linux, 6
japanese, 6
apio, 6
learned, 6
tech, 6
rowsum, 6
noon, 6
sergey, 6
isenbaev, 6
posts, 6
counting, 6
maintaining, 6
cury, 6
occur, 6
merged, 6
searching, 6
convenient, 6
vs, 6
krs, 6
bz, 6
rhd, 6
itm, 6
domestic, 6
unfamiliar, 6
languages, 6
alexey, 6
unofficial, 6
denoted, 6
visiting, 6
bring, 6
flyrise, 6
koosaga, 6
night, 6
coupons, 6
symmetric, 6
sigma, 6
office, 6
ranklist, 6
latter, 6
taiwan, 6
xray, 6
izban, 6
observe, 6
ge, 6
getmincostflow, 6
zone, 6
candidate, 6
directions, 6
prevcnt, 6
ya, 6
numbertheory, 6
getdiv, 6
subsizesum, 6
findcyc, 6
cook, 6
panel, 6
editorialist, 6
zecong, 6
gmt, 6
goodies, 6
laddu, 6
spoilers, 6
inputs, 6
writers, 6
broken, 6
items, 6
ladder, 6
nobody, 6
speaking, 6
properly, 6
provincial, 6
totally, 6
rankings, 6
adalbert, 6
smelskiy, 6
bx, 6
tinkoff, 6
golovanov, 6
carrot, 6
ansr, 6
sb, 6
plays, 6
shops, 6
lcs, 6
multi, 6
nowruz, 6
art, 6
grids, 6
sender, 6
eliminacje, 6
dzie, 6
np, 6
preferencje, 6
hasan, 6
bipartite, 6
integrate, 6
hf, 6
pj, 6
colbit, 6
intermediate, 6
sumsmall, 6
clrsamecomponent, 6
joke, 6
arcadiy, 6
bottle, 6
lds, 6
pd, 5
observations, 5
descendant, 5
rooms, 5
shef, 5
providing, 5
contained, 5
subgraph, 5
quick, 5
wiki, 5
prevent, 5
multiplying, 5
iff, 5
matrices, 5
nonempty, 5
vc, 5
internal, 5
portfolio, 5
doubles, 5
permute, 5
cyclic, 5
configurations, 5
choices, 5
buying, 5
performing, 5
modp, 5
mo, 5
estimate, 5
alice, 5
invocation, 5
spending, 5
missing, 5
randomly, 5
excluding, 5
figured, 5
humble, 5
servant, 5
understanding, 5
simultaneously, 5
waiting, 5
korean, 5
heard, 5
identical, 5
neighbouring, 5
paragraph, 5
plan, 5
former, 5
prefixes, 5
compress, 5
equivalently, 5
editions, 5
train, 5
lucky, 5
dotorya, 5
kcm, 5
displayed, 5
worth, 5
simulation, 5
lose, 5
beyond, 5
wonder, 5
hash, 5
reachable, 5
subarrays, 5
supports, 5
answered, 5
scorers, 5
arena, 5
ball, 5
attempt, 5
alternating, 5
convenience, 5
guaranteed, 5
euler, 5
reminder, 5
unused, 5
tells, 5
bitmasks, 5
summing, 5
whom, 5
bestplace, 5
myscore, 5
hey, 5
internet, 5
europe, 5
reaching, 5
age, 5
minsk, 5
selections, 5
pkacprzak, 5
recommend, 5
stuff, 5
individual, 5
extremely, 5
drop, 5
cause, 5
released, 5
compilers, 5
region, 5
profit, 5
rcc, 5
raw, 5
handles, 5
zlobober, 5
mail, 5
lexicographically, 5
lies, 5
restrictions, 5
probabilities, 5
zeroes, 5
infinite, 5
pw, 5
quality, 5
hellkitsune, 5
zeliboba, 5
stone, 5
perfectly, 5
phrase, 5
efficiency, 5
distances, 5
precisely, 5
plane, 5
touch, 5
touching, 5
dcj, 5
rand, 5
appreciate, 5
recommended, 5
discard, 5
catch, 5
sys, 5
exit, 5
cubes, 5
recursion, 5
zew, 5
inputreader, 5
addcell, 5
ny, 5
checkcell, 5
stt, 5
towards, 5
guarantee, 5
propagate, 5
typ, 5
dod, 5
publish, 5
ukrainian, 5
ordered, 5
logn, 5
xyz, 5
access, 5
graders, 5
flows, 5
labels, 5
archive, 5
geometric, 5
battle, 5
unmatched, 5
resolved, 5
web, 5
cmath, 5
pragma, 5
neighboring, 5
copyright, 5
sayutin, 5
dmitry, 5
redistribute, 5
foundation, 5
implied, 5
merchantability, 5
fitness, 5
licenses, 5
stdint, 5
utility, 5
typename, 5
rl, 5
lbl, 5
ubr, 5
maxm, 5
brief, 5
chrome, 5
blind, 5
feeling, 5
warning, 5
aid, 5
apologize, 5
user, 5
seem, 5
virtually, 5
upload, 5
told, 5
mco, 5
young, 5
adamant, 5
student, 5
sponsored, 5
powersp, 5
powersq, 5
factorials, 5
inconvenience, 5
radio, 5
wildcard, 5
anton, 5
logarithm, 5
otorya, 5
keeping, 5
occurs, 5
noting, 5
dijk, 5
tot, 5
karatsuba, 5
nft, 5
printansi, 5
symbols, 5
benchmark, 5
locks, 5
getc, 5
allocated, 5
profiler, 5
warmup, 5
outputs, 5
cp, 5
hate, 5
date, 5
shifted, 5
zxqfl, 5
sent, 5
recall, 5
reconstruct, 5
intuition, 5
fits, 5
andreeva, 5
fireworks, 5
childrens, 5
application, 5
meshanya, 5
pieces, 5
constructing, 5
introduction, 5
friday, 5
organizing, 5
ntt, 5
tv, 5
member, 5
halves, 5
mi, 5
anl, 5
anr, 5
placed, 5
simplicity, 5
nn, 5
cot, 5
deciding, 5
satisfied, 5
inqueue, 5
west, 5
kilometers, 5
algo, 5
nikolay, 5
kalinin, 5
speech, 5
arrive, 5
getpf, 5
zayakin, 5
kulik, 5
requested, 5
mouse, 5
usb, 5
hashing, 5
rte, 5
strict, 5
halin, 5
george, 5
arjunarul, 5
grading, 5
burakov, 5
fewer, 5
verifier, 5
logarithmic, 5
firefox, 5
food, 5
jiaqiyang, 5
frustrated, 5
poor, 5
suddenly, 5
judges, 5
exam, 5
leaving, 5
thu, 5
noip, 5
province, 5
tsinghua, 5
daniil, 5
conference, 5
patchcords, 5
expenses, 5
ts, 5
workshop, 5
mikhail, 5
tikhomirov, 5
invw, 5
bank, 5
ansl, 5
security, 5
ifact, 5
tb, 5
logged, 5
installed, 5
invariant, 5
invpow, 5
anime, 5
dusja, 5
technocup, 5
palindrome, 5
kun, 5
checkbox, 5
cursor, 5
avito, 5
diverse, 4
naturally, 4
palindromes, 4
rub, 4
tour, 4
hacked, 4
scheduled, 4
mugurelionut, 4
malaysian, 4
robot, 4
bob, 4
conclude, 4
formally, 4
raising, 4
stores, 4
satisfies, 4
complement, 4
ecnerwal, 4
problemsets, 4
opengov, 4
featured, 4
transforms, 4
government, 4
core, 4
capital, 4
investment, 4
business, 4
ikatanic, 4
troubles, 4
seeing, 4
besides, 4
laycurse, 4
optimized, 4
rectangular, 4
puzzle, 4
transition, 4
xhi, 4
inserting, 4
procedure, 4
encounter, 4
nb, 4
uninitialized, 4
undefined, 4
btw, 4
concatenation, 4
comparator, 4
bounded, 4
remainders, 4
influence, 4
triplets, 4
conducted, 4
stupid, 4
server, 4
cvb, 4
guessing, 4
affected, 4
loops, 4
residual, 4
backward, 4
forgotten, 4
oraz, 4
opencup, 4
curious, 4
aspects, 4
swistakk, 4
paradox, 4
affects, 4
vectors, 4
depend, 4
inequalities, 4
biconnected, 4
forest, 4
tricky, 4
foe, 4
nested, 4
attempts, 4
replaced, 4
xors, 4
iterated, 4
head, 4
querying, 4
accordingly, 4
ru, 4
fashion, 4
modular, 4
sketch, 4
window, 4
rmq, 4
mario, 4
luigi, 4
shifting, 4
determinant, 4
gs, 4
weak, 4
pairwise, 4
tenpow, 4
afterwards, 4
essentially, 4
inverted, 4
inverting, 4
automaton, 4
construction, 4
suggestions, 4
telegram, 4
poll, 4
vote, 4
regardless, 4
wondering, 4
de, 4
fault, 4
afraid, 4
shared, 4
posting, 4
splitting, 4
checks, 4
regions, 4
conquer, 4
magnitude, 4
sleep, 4
meaning, 4
dear, 4
listed, 4
vowels, 4
consonants, 4
lesser, 4
rate, 4
intersecting, 4
intersections, 4
playing, 4
gaussian, 4
lightning, 4
xellos, 4
hotel, 4
fierce, 4
jinotega, 4
simonlindholm, 4
remind, 4
internship, 4
against, 4
numeric, 4
numerical, 4
assumption, 4
environment, 4
codejam, 4
winter, 4
guide, 4
ainta, 4
criminal, 4
sl, 4
ele, 4
rec, 4
lldn, 4
ford, 4
akt, 4
kol, 4
bylo, 4
wiersz, 4
nj, 4
outputstream, 4
printwriter, 4
totalempty, 4
sumincomponents, 4
flag, 4
currentflagcolor, 4
currentcomponentid, 4
checkresult, 4
println, 4
removecell, 4
reader, 4
act, 4
brak, 4
popr, 4
czyt, 4
areas, 4
unless, 4
straight, 4
abscissa, 4
formulas, 4
press, 4
kevinsogo, 4
mnbvmar, 4
cott, 4
iois, 4
grouping, 4
box, 4
maxim, 4
insight, 4
ldots, 4
repeats, 4
emph, 4
multiples, 4
deduce, 4
solvable, 4
initialize, 4
simplest, 4
unsolvable, 4
isright, 4
mincostmaxflow, 4
cos, 4
totcost, 4
dead, 4
cstdlib, 4
cstring, 4
iomanip, 4
ctime, 4
linker, 4
llinf, 4
quadratic, 4
satisfying, 4
sons, 4
buildseg, 4
lowerb, 4
minval, 4
manhattan, 4
platypus, 4
lastchanged, 4
readchar, 4
writeint, 4
travelling, 4
spoj, 4
euclidean, 4
abridged, 4
nearly, 4
pages, 4
contestant, 4
planning, 4
yury, 4
pointed, 4
ignored, 4
universities, 4
planets, 4
splay, 4
rubles, 4
opened, 4
manner, 4
ois, 4
tight, 4
croatian, 4
joi, 4
boi, 4
paid, 4
summer, 4
invfact, 4
sumpl, 4
ktmp, 4
numpart, 4
collision, 4
squeezing, 4
kattis, 4
sonechko, 4
melnyk, 4
sereja, 4
login, 4
weeks, 4
reset, 4
realize, 4
pattern, 4
repeatedly, 4
edgecnt, 4
multiplicative, 4
proportional, 4
deletions, 4
clr, 4
composed, 4
contiguous, 4
handled, 4
computefact, 4
calcpos, 4
nrev, 4
computeg, 4
parsing, 4
naming, 4
kb, 4
nolock, 4
release, 4
allocate, 4
luckily, 4
malloc, 4
thread, 4
native, 4
width, 4
calipers, 4
meant, 4
fes, 4
realized, 4
ubuntu, 4
intel, 4
suggest, 4
story, 4
deadline, 4
dialogue, 4
toronto, 4
annoying, 4
exponential, 4
imbalance, 4
ss, 4
timgaripov, 4
wilwell, 4
helen, 4
decreased, 4
indicates, 4
relatively, 4
museum, 4
necessarily, 4
shape, 4
primary, 4
supported, 4
horrible, 4
su, 4
drazil, 4
proposed, 4
conclusion, 4
uppercase, 4
oeis, 4
kaisheng, 4
christopherboo, 4
gotten, 4
zun, 4
route, 4
safely, 4
queuetime, 4
ins, 4
timeanddate, 4
worldclock, 4
fixedtime, 4
iso, 4
serious, 4
tired, 4
bye, 4
prefsum, 4
piece, 4
degrees, 4
clockwise, 4
matters, 4
jan, 4
breaking, 4
flipping, 4
qa, 4
xa, 4
reasoning, 4
lex, 4
descending, 4
prix, 4
personally, 4
randomized, 4
rolling, 4
practically, 4
awarded, 4
verification, 4
innopolis, 4
independently, 4
proves, 4
dates, 4
warsaw, 4
dominated, 4
accept, 4
startnode, 4
tabs, 4
approximately, 4
restaurant, 4
record, 4
cnoi, 4
philipsweng, 4
fateice, 4
gcj, 4
nfa, 4
named, 4
afternoon, 4
crack, 4
ironically, 4
coded, 4
plausible, 4
precise, 4
hnoi, 4
fully, 4
sentence, 4
stronger, 4
maroonrk, 4
lenses, 4
performed, 4
stable, 4
requiring, 4
tf, 4
bot, 4
seven, 4
spb, 4
obtaining, 4
delayed, 4
pull, 4
btr, 4
exceeding, 4
cntt, 4
introduce, 4
dpleft, 4
submask, 4
kth, 4
tokyo, 4
tune, 4
agree, 4
msg, 4
relevant, 4
major, 4
happening, 4
denis, 4
demon, 4
translating, 4
prefer, 4
machines, 4
jakub, 4
lub, 4
przed, 4
pytania, 4
berezin, 4
cntone, 4
adjmatrix, 4
irow, 4
icol, 4
ipiv, 4
gd, 4
adewoosh, 4
nextmod, 4
secret, 4
beats, 4
subrectangles, 4
minimums, 4
sudoku, 4
identities, 4
bsum, 4
rhs, 4
lhs, 4
weakly, 4
dpcycle, 4
var, 4
assistant, 4
club, 4
restaurants, 4
transformed, 3
clean, 3
carsten, 3
eilks, 3
afford, 3
drawn, 3
net, 3
truly, 3
calculations, 3
switched, 3
confident, 3
bd, 3
modulus, 3
congruent, 3
instance, 3
adjancency, 3
venture, 3
silicon, 3
valley, 3
across, 3
leader, 3
financial, 3
partners, 3
technologists, 3
ternary, 3
knew, 3
island, 3
vice, 3
versa, 3
gasoline, 3
cheaper, 3
alternatively, 3
traversal, 3
loss, 3
generality, 3
satisfiability, 3
chris, 3
variety, 3
crazy, 3
anti, 3
shop, 3
ak, 3
optimizations, 3
hacker, 3
upsolving, 3
active, 3
srms, 3
overflow, 3
strategies, 3
organized, 3
zrak, 3
weren, 3
penalties, 3
rns, 3
brackets, 3
discovered, 3
backwards, 3
preprocessing, 3
handling, 3
ffao, 3
problemsetters, 3
radewoosh, 3
umqra, 3
equally, 3
early, 3
normally, 3
surely, 3
finds, 3
surprising, 3
reads, 3
revealed, 3
played, 3
role, 3
unordered, 3
rc, 3
stl, 3
appended, 3
inserted, 3
scan, 3
cups, 3
answering, 3
occured, 3
exponents, 3
phobos, 3
device, 3
wlog, 3
identity, 3
minimizes, 3
sliding, 3
letting, 3
clist, 3
mins, 3
croc, 3
apr, 3
ilyakor, 3
target, 3
leads, 3
iao, 3
abbreviation, 3
recolored, 3
arrange, 3
ssize, 3
ort, 3
tm, 3
calcscore, 3
father, 3
amortized, 3
glance, 3
boring, 3
meeting, 3
username, 3
preliminary, 3
tonight, 3
translated, 3
inform, 3
structs, 3
dominant, 3
fanpage, 3
extreme, 3
attached, 3
ed, 3
beds, 3
barrels, 3
ugly, 3
generalize, 3
fyi, 3
phuket, 3
consonant, 3
exchange, 3
eight, 3
calls, 3
acde, 3
connects, 3
pqrst, 3
abcde, 3
byteasar, 3
consistent, 3
typo, 3
breaker, 3
showed, 3
mention, 3
waterloo, 3
priceless, 3
thrill, 3
spots, 3
romka, 3
boundaries, 3
relationship, 3
excluded, 3
products, 3
movement, 3
morning, 3
nasty, 3
familiarize, 3
amazing, 3
polar, 3
specified, 3
tower, 3
pii, 3
ioexception, 3
stringtokenizer, 3
bufferedreader, 3
taske, 3
nextint, 3
nextstring, 3
preprocess, 3
movesquare, 3
nx, 3
readline, 3
wyn, 3
tradition, 3
favorites, 3
fulfill, 3
remote, 3
request, 3
slowest, 3
scenario, 3
repeated, 3
belonging, 3
decision, 3
sources, 3
philippines, 3
sweden, 3
quark, 3
andrewzta, 3
offered, 3
upon, 3
beta, 3
interface, 3
highly, 3
cheers, 3
akhmedov, 3
leftbound, 3
rightbound, 3
penguin, 3
bulbs, 3
limited, 3
precomputed, 3
trouble, 3
shrink, 3
yield, 3
closes, 3
bearball, 3
imagine, 3
compareto, 3
beargridrect, 3
findflow, 3
ca, 3
totflow, 3
bearcirclegame, 3
str, 3
subarray, 3
itov, 3
kay, 3
calc, 3
constants, 3
raise, 3
arg, 3
modifications, 3
notanumber, 3
xcdssz, 3
maxq, 3
layer, 3
respect, 3
googled, 3
cpp, 3
problemsetter, 3
inefficient, 3
cracking, 3
regularly, 3
cgy, 3
bandarchuk, 3
judging, 3
conduct, 3
vercingetorix, 3
tinsane, 3
town, 3
csacademy, 3
mgch, 3
resubmit, 3
aka, 3
um, 3
contribute, 3
sites, 3
rare, 3
critical, 3
spring, 3
dropbox, 3
dl, 3
gl, 3
ideone, 3
locally, 3
flight, 3
brilliant, 3
trading, 3
institute, 3
physics, 3
imp, 3
invtriange, 3
defaultanswer, 3
sumb, 3
sumpldpl, 3
zs, 3
ilyalos, 3
atthew, 3
colsum, 3
cyclecnt, 3
circular, 3
zi, 3
tsypko, 3
clicked, 3
study, 3
matthew, 3
explained, 3
decrement, 3
repeating, 3
assignment, 3
assigning, 3
arbitarily, 3
setw, 3
whereas, 3
maps, 3
treesize, 3
compsolve, 3
proposal, 3
locking, 3
reducing, 3
multiplication, 3
classified, 3
distinguishable, 3
filling, 3
reduction, 3
joined, 3
precomputing, 3
theoretic, 3
pformat, 3
promised, 3
book, 3
unlike, 3
visual, 3
studio, 3
seh, 3
lock, 3
solves, 3
improvement, 3
localeconv, 3
decimal, 3
road, 3
reality, 3
enable, 3
coach, 3
stated, 3
millions, 3
correctness, 3
simplified, 3
oh, 3
sir, 3
testset, 3
oct, 3
sevenkplus, 3
excited, 3
contributing, 3
friendly, 3
founders, 3
collage, 3
services, 3
chess, 3
engine, 3
mr, 3
collect, 3
jumps, 3
jump, 3
demonstrate, 3
stuck, 3
ipavlov, 3
grateful, 3
coordination, 3
legend, 3
furthermore, 3
maintained, 3
merely, 3
modification, 3
spot, 3
socks, 3
interpretation, 3
proper, 3
brings, 3
jcvb, 3
sharing, 3
resources, 3
explaining, 3
someway, 3
covering, 3
nov, 3
cheat, 3
switch, 3
editor, 3
ongoing, 3
fourier, 3
encouraged, 3
individuals, 3
timus, 3
strongest, 3
arrived, 3
tw, 3
attend, 3
champions, 3
pictures, 3
neerc, 3
spycheese, 3
verify, 3
met, 3
boundary, 3
conveniently, 3
lowercase, 3
classical, 3
estimated, 3
party, 3
dir, 3
prevsum, 3
hardest, 3
indexing, 3
negativecycle, 3
nonzero, 3
del, 3
computers, 3
ctrl, 3
harbour, 3
jacob, 3
mareksom, 3
roots, 3
printing, 3
nbvmar, 3
constrains, 3
firework, 3
backtrack, 3
poles, 3
struggled, 3
plot, 3
greatest, 3
seg, 3
pleasure, 3
difficulties, 3
contradicting, 3
maximality, 3
bigdiv, 3
sievephi, 3
sievesumdiv, 3
getphi, 3
getsumdiv, 3
invgeneral, 3
casework, 3
employ, 3
praveen, 3
educational, 3
beneficial, 3
discussed, 3
price, 3
erasing, 3
immediate, 3
isomorphism, 3
shuffle, 3
unnecessary, 3
cash, 3
gomel, 3
discussing, 3
eps, 3
tricked, 3
developed, 3
firezi, 3
item, 3
respective, 3
existence, 3
pittsburgh, 3
fekete, 3
nowadays, 3
brevity, 3
replay, 3
ranking, 3
upvoted, 3
advise, 3
ceoi, 3
costin, 3
decomposed, 3
somewhat, 3
rendered, 3
fresh, 3
blahblah, 3
announcing, 3
tcm, 3
period, 3
eds, 3
poorly, 3
maxdigit, 3
avail, 3
doubt, 3
tuned, 3
somehow, 3
proofs, 3
hypothesis, 3
generator, 3
naked, 3
eyes, 3
kept, 3
insult, 3
injury, 3
upsolved, 3
undirected, 3
communication, 3
went, 3
ranked, 3
gathered, 3
mstrechen, 3
makarovych, 3
danya, 3
nazarii, 3
denha, 3
nasic, 3
matvii, 3
py, 3
cyclops, 3
circumference, 3
transformation, 3
sqabs, 3
sin, 3
management, 3
repaired, 3
repairing, 3
beforehand, 3
bellman, 3
dcn, 3
dcf, 3
dcs, 3
prohibited, 3
baylor, 3
rod, 3
cube, 3
algorithmically, 3
asserts, 3
database, 3
yakutovdmitry, 3
maxe, 3
cursum, 3
ende, 3
oldodd, 3
oldeven, 3
curw, 3
conv, 3
convback, 3
addans, 3
dmd, 3
gdc, 3
install, 3
moderate, 3
debug, 3
banknotes, 3
apex, 3
frontmost, 3
labelling, 3
labelled, 3
formulaes, 3
mob, 3
bet, 3
kulkov, 3
ltime, 3
seriously, 3
closely, 3
fibonacci, 3
vendor, 3
gradually, 3
counters, 3
trd, 3
ah, 3
delegation, 3
dublin, 3
progress, 3
addicted, 3
channel, 3
artclass, 3
painting, 3
deques, 3
colmin, 3
clearer, 3
lang, 3
seed, 3
tools, 3
simultaneous, 3
disqualification, 3
applicants, 3
ireland, 3
codefes, 3
godz, 3
przez, 3
rundy, 3
zane, 3
dla, 3
zadania, 3
trakcie, 3
uw, 3
zostanie, 3
yby, 3
preferencji, 3
yn, 3
sberbank, 3
sees, 3
kd, 3
dinic, 3
markov, 3
absorbing, 3
songs, 3
maclaurin, 3
unity, 3
expansion, 3
func, 3
ct, 3
chessboard, 3
loads, 3
bar, 3
inp, 3
pushed, 3
ceil, 3
ml, 3
hands, 3
kirino, 3
existent, 3
distclock, 3
vepifanov, 3
lunch, 3
stevenkplus, 3
kaist, 3
hyea, 3
deletion, 3
evaluate, 2
squaring, 2
formal, 2
duplicate, 2
counti, 2
module, 2
asymptotically, 2
eratosthenes, 2
continious, 2
drawbacks, 2
someday, 2
improving, 2
romawhite, 2
dominating, 2
behaviour, 2
provable, 2
associated, 2
picked, 2
iv, 2
cauchy, 2
schwarz, 2
abcd, 2
overflows, 2
builtin, 2
popcountll, 2
entries, 2
seek, 2
allocates, 2
expanding, 2
intelligence, 2
visualizations, 2
citizens, 2
joe, 2
lonsdale, 2
founder, 2
palantir, 2
leverage, 2
kadr, 2
coders, 2
orchestra, 2
cyclically, 2
statues, 2
repairs, 2
produce, 2
production, 2
rates, 2
package, 2
delivery, 2
tank, 2
expensive, 2
cheapest, 2
apart, 2
examining, 2
rearrangement, 2
determines, 2
advisable, 2
iandb, 2
relation, 2
bb, 2
quicksort, 2
pascal, 2
bubble, 2
initialized, 2
lcm, 2
recalculate, 2
confusing, 2
experimentally, 2
strategic, 2
brought, 2
romanandreev, 2
discussions, 2
blogs, 2
competitor, 2
wasted, 2
systest, 2
johnasselta, 2
bangalore, 2
andrew, 2
volchek, 2
mb, 2
waste, 2
jgm, 2
indentations, 2
deeper, 2
igm, 2
repetitions, 2
brutally, 2
todo, 2
multiplied, 2
fattest, 2
executed, 2
argue, 2
reversing, 2
computations, 2
unvisited, 2
compressing, 2
modifying, 2
bracket, 2
expand, 2
placements, 2
fools, 2
busy, 2
polish, 2
amd, 2
pavel, 2
savchenkov, 2
subscriber, 2
witua, 2
krk, 2
uploaded, 2
chemistry, 2
fraction, 2
granted, 2
bicon, 2
heights, 2
quantities, 2
deduplication, 2
fatal, 2
combinatorics, 2
congkak, 2
million, 2
pushing, 2
giveaway, 2
interpreted, 2
hit, 2
nq, 2
bsae, 2
omitted, 2
revisited, 2
qn, 2
hahaxd, 2
locale, 2
varying, 2
whichever, 2
facing, 2
temporary, 2
bmatrix, 2
appearance, 2
background, 2
pruning, 2
furthest, 2
unchanged, 2
statistic, 2
heart, 2
ranks, 2
prices, 2
evgeny, 2
face, 2
rebus, 2
nim, 2
expressed, 2
guarantees, 2
counthacks, 2
sam, 2
convince, 2
opinions, 2
messenger, 2
organised, 2
preferably, 2
wheter, 2
hoping, 2
bridges, 2
adjusted, 2
herzu, 2
segtree, 2
compiling, 2
reported, 2
supposed, 2
tokens, 2
allowing, 2
fanpages, 2
unlikely, 2
wine, 2
fight, 2
unsigned, 2
balances, 2
fastest, 2
myicpc, 2
accumulated, 2
human, 2
seventh, 2
losing, 2
desert, 2
inner, 2
vertice, 2
reconstructed, 2
rs, 2
encoding, 2
tracks, 2
fataleagle, 2
quest, 2
prediction, 2
attack, 2
throw, 2
ixanezis, 2
suits, 2
nl, 2
outcome, 2
gear, 2
hashmap, 2
centers, 2
observed, 2
disappearing, 2
examples, 2
replies, 2
funny, 2
moderators, 2
sounds, 2
reasonable, 2
dashboard, 2
looked, 2
encourage, 2
kostka, 2
halyavin, 2
wanna, 2
ids, 2
ruchi, 2
ruchj, 2
dd, 2
inputstreamreader, 2
arraylist, 2
solver, 2
arrayutils, 2
nextline, 2
bcd, 2
prob, 2
situations, 2
finite, 2
potenga, 2
wie, 2
polygons, 2
establish, 2
ordinate, 2
consequently, 2
ksun, 2
czech, 2
republic, 2
erkurev, 2
xhark, 2
effort, 2
applicable, 2
encode, 2
lperovskaya, 2
everywhere, 2
sake, 2
clicking, 2
restore, 2
khristenko, 2
involved, 2
spells, 2
spell, 2
effective, 2
sorts, 2
bulb, 2
combinations, 2
summed, 2
tempting, 2
evenly, 2
shrinks, 2
outposts, 2
hugely, 2
terminate, 2
throws, 2
collinear, 2
mincost, 2
liymsheep, 2
kriii, 2
robbers, 2
limitation, 2
snowflake, 2
elem, 2
lifting, 2
scanline, 2
maxcord, 2
writeword, 2
fwrite, 2
apologise, 2
lift, 2
centre, 2
uint, 2
asymmetric, 2
applications, 2
gz, 2
magienoire, 2
ceilks, 2
featuring, 2
izrak, 2
ancient, 2
sincerely, 2
parameter, 2
tractable, 2
csa, 2
fourth, 2
fifth, 2
criteria, 2
throughout, 2
unclear, 2
travelled, 2
minimized, 2
spoil, 2
ruin, 2
shuffled, 2
success, 2
inspired, 2
timing, 2
ziadxkabakibi, 2
projects, 2
vpcpc, 2
skyscrapers, 2
sh, 2
differently, 2
ran, 2
hotels, 2
certificates, 2
umm, 2
medalist, 2
yarrr, 2
valenkof, 2
edvard, 2
specialises, 2
proprietary, 2
concepts, 2
latency, 2
graduates, 2
msu, 2
istream, 2
ostream, 2
baboon, 2
udayland, 2
kmjp, 2
printbus, 2
nkm, 2
la, 2
codesprint, 2
infoarena, 2
ro, 2
problema, 2
sept, 2
regionals, 2
sofia, 2
nagin, 2
islava, 2
viacheslav, 2
mikhno, 2
bigbag, 2
aslandukov, 2
amethyst, 2
discrete, 2
resource, 2
logout, 2
pretest, 2
shocked, 2
pretests, 2
wjmzbmr, 2
johnkram, 2
purely, 2
disappears, 2
gg, 2
pressing, 2
parse, 2
markup, 2
tex, 2
numbered, 2
contradict, 2
relaxations, 2
modm, 2
viable, 2
ht, 2
pt, 2
exclude, 2
doors, 2
surrounding, 2
constructed, 2
dependent, 2
aa, 2
entirely, 2
convolution, 2
indirection, 2
treasure, 2
hunt, 2
searched, 2
dll, 2
multithreaded, 2
journey, 2
libraries, 2
mingwex, 2
slowdown, 2
variant, 2
boost, 2
variants, 2
breakthrough, 2
command, 2
initializing, 2
hiding, 2
lazily, 2
allocating, 2
gone, 2
nonsense, 2
substantial, 2
rotating, 2
xd, 2
trainings, 2
officially, 2
mmaxio, 2
organizer, 2
computation, 2
laptop, 2
thousand, 2
shmelev, 2
ashmelev, 2
collegiate, 2
surprise, 2
wild, 2
accurate, 2
green, 2
impatient, 2
fan, 2
bangkok, 2
photos, 2
tachibana, 2
kanade, 2
fqw, 2
xsquare, 2
sponsoring, 2
engineers, 2
policies, 2
montreal, 2
generation, 2
canadian, 2
offering, 2
manual, 2
scale, 2
health, 2
learning, 2
ai, 2
tzupengwang, 2
powsums, 2
shashank, 2
tricks, 2
salesman, 2
preserves, 2
completes, 2
achieves, 2
kitayuta, 2
yields, 2
handy, 2
object, 2
involves, 2
noted, 2
commented, 2
man, 2
originated, 2
benefited, 2
unofficially, 2
nevertheless, 2
disclaimer, 2
pen, 2
meaningless, 2
aside, 2
secondly, 2
belikov, 2
coupon, 2
bought, 2
coincide, 2
defines, 2
irrespective, 2
arcs, 2
subsegments, 2
stickers, 2
recalculating, 2
summation, 2
kx, 2
performs, 2
harmonic, 2
paste, 2
recomputed, 2
kachu, 2
articles, 2
referring, 2
samsung, 2
seoul, 2
european, 2
accepts, 2
paving, 2
romanian, 2
suggested, 2
saving, 2
writes, 2
judged, 2
cheating, 2
tip, 2
php, 2
highschool, 2
hsin, 2
opens, 2
bunch, 2
modulos, 2
grouped, 2
alert, 2
concluded, 2
experiment, 2
broadcast, 2
brucemerry, 2
krijgertje, 2
commentaries, 2
exhibition, 2
relay, 2
overlapping, 2
almaty, 2
activities, 2
spbsu, 2
stanislav, 2
belonogov, 2
saratov, 2
ural, 2
shik, 2
honest, 2
intuitively, 2
contributes, 2
splits, 2
proposes, 2
segmentation, 2
methods, 2
si, 2
comply, 2
vpii, 2
ocaml, 2
project, 2
offer, 2
hinted, 2
extracted, 2
usernames, 2
greatly, 2
simplifies, 2
cipher, 2
xs, 2
wednesday, 2
dj, 2
seperately, 2
merry, 2
houses, 2
tough, 2
messy, 2
interior, 2
distinguished, 2
belo, 2
chances, 2
basis, 2
strength, 2
gausselim, 2
terminal, 2
auxillary, 2
sinks, 2
spfa, 2
reserved, 2
theorems, 2
impartial, 2
essential, 2
resume, 2
mex, 2
teammate, 2
veterans, 2
collaboration, 2
coaches, 2
proud, 2
percent, 2
interactor, 2
tk, 2
noticing, 2
al, 2
randomization, 2
blindly, 2
hurry, 2
instructions, 2
doubts, 2
representing, 2
represent, 2
hardcode, 2
hihocoder, 2
fantastic, 2
communicated, 2
moments, 2
subsegment, 2
forced, 2
acquired, 2
hoc, 2
flipped, 2
globe, 2
dhinwa, 2
slot, 2
minkowski, 2
widely, 2
picking, 2
frequencies, 2
automorphisms, 2
labeled, 2
isomorphic, 2
isomorphisms, 2
hackercup, 2
omawhite, 2
jcccccccccccccccccccccsb, 2
eryx, 2
arcin, 2
raveman, 2
evening, 2
forever, 2
xxx, 2
epsilons, 2
mujin, 2
clever, 2
grades, 2
experiences, 2
imo, 2
bump, 2
fizzydavid, 2
reviewed, 2
ancestors, 2
unite, 2
roll, 2
horizontally, 2
oriented, 2
monotone, 2
hosting, 2
grkn, 2
bdfsn, 2
competed, 2
planned, 2
austin, 2
india, 2
award, 2
accumulate, 2
women, 2
scott, 2
dominates, 2
keeps, 2
stays, 2
responses, 2
certainly, 2
specifically, 2
usaco, 2
ohh, 2
medals, 2
niculae, 2
tudor, 2
mahmoudian, 2
tatomir, 2
address, 2
byes, 2
decompose, 2
lexographically, 2
enabled, 2
frequently, 2
upward, 2
downward, 2
blank, 2
body, 2
scripts, 2
encrypted, 2
cookies, 2
websites, 2
expectation, 2
indicator, 2
logo, 2
suspect, 2
submits, 2
fancy, 2
social, 2
dictionary, 2
awkward, 2
xumingkuan, 2
shinerain, 2
futile, 2
squeeze, 2
retrospect, 2
ridiculous, 2
optimizing, 2
tea, 2
focused, 2
revising, 2
boot, 2
wasting, 2
lackluster, 2
enthusiasm, 2
continued, 2
disproved, 2
hoped, 2
shrinking, 2
accidentally, 2
brand, 2
dawned, 2
proving, 2
tens, 2
exciting, 2
changsha, 2
intense, 2
ease, 2
fitted, 2
happily, 2
illusion, 2
staggering, 2
purported, 2
blame, 2
rise, 2
efforts, 2
rejected, 2
debugging, 2
bust, 2
career, 2
waned, 2
pity, 2
irritating, 2
upsolve, 2
intriguing, 2
introduced, 2
contributors, 2
wit, 2
preparatory, 2
hiatus, 2
hilarious, 2
rehearsed, 2
farewell, 2
smart, 2
nan, 2
refreshing, 2
margin, 2
counterpart, 2
grade, 2
failing, 2
hometown, 2
provinces, 2
nationwide, 2
annually, 2
tehran, 2
nickname, 2
arsijo, 2
ihor, 2
barenblat, 2
maria, 2
ivanova, 2
illia, 2
koval, 2
kilt, 2
strechen, 2
marko, 2
hryshechkin, 2
markellonchik, 2
ostashev, 2
artur, 2
kravtsov, 2
kostiantyn, 2
lutsenko, 2
editorialists, 2
maksay, 2
arithmetics, 2
circumscribed, 2
presented, 2
integral, 2
paraboloid, 2
det, 2
acos, 2
interpret, 2
satcnt, 2
opcost, 2
saturated, 2
cn, 2
pleasant, 2
veteran, 2
guessed, 2
connection, 2
occurrence, 2
occurence, 2
older, 2
unstable, 2
forces, 2
deduced, 2
heuristics, 2
mt, 2
werty, 2
maxk, 2
signum, 2
bitrev, 2
preparefft, 2
dlang, 2
anonymousbunny, 2
hloya, 2
ygrt, 2
akanashirikka, 2
banknote, 2
ratio, 2
isosceles, 2
beside, 2
propogation, 2
copies, 2
induct, 2
mobius, 2
authored, 2
excercise, 2
bets, 2
knapsack, 2
dpright, 2
stand, 2
provides, 2
naipc, 2
wales, 2
peking, 2
streaming, 2
responsible, 2
vigilant, 2
sadly, 2
scheme, 2
advancers, 2
destination, 2
destinations, 2
agrees, 2
satisfactory, 2
placing, 2
perceived, 2
portions, 2
considerations, 2
comparisons, 2
incident, 2
hear, 2
snackdown, 2
sat, 2
snapdragon, 2
ahyangyi, 2
riddle, 2
entertaining, 2
hide, 2
wave, 2
dota, 2
plans, 2
chat, 2
highlighted, 2
reveal, 2
tallest, 2
academy, 2
inaccurate, 2
jumping, 2
disadvantage, 2
slight, 2
feels, 2
admins, 2
commitment, 2
federation, 2
youngest, 2
shpakovskiy, 2
lifar, 2
seyedparsa, 2
consolations, 2
saying, 2
missteps, 2
correlation, 2
papers, 2
trial, 2
paintings, 2
syllabus, 2
sized, 2
pseudocode, 2
popping, 2
exception, 2
ljava, 2
significantly, 2
newcomers, 2
functionality, 2
youtube, 2
grikukan, 2
glebushka, 2
swift, 2
irish, 2
alcohol, 2
law, 2
faq, 2
hungry, 2
logging, 2
stopped, 2
forum, 2
somebody, 2
czwartek, 2
nas, 2
internetu, 2
cych, 2
po, 2
sali, 2
zapraszamy, 2
oszenia, 2
albo, 2
czas, 2
od, 2
konkursu, 2
zadaniu, 2
anie, 2
rankingu, 2
jak, 2
rund, 2
da, 2
elektronicznych, 2
tym, 2
itp, 2
grupy, 2
tylko, 2
bardzo, 2
ze, 2
dozwolone, 2
jest, 2
korzystanie, 2
gotowego, 2
ciem, 2
odpowiedzi, 2
dane, 2
cia, 2
prosimy, 2
marcina, 2
smulewicza, 2
eliminacjach, 2
najlepszych, 2
prof, 2
tomasz, 2
kociumaka, 2
served, 2
dishes, 2
dmytro, 2
altruist, 2
anischenko, 2
hrudaipabbisetty, 2
hruday, 2
pabbisetty, 2
megapolises, 2
andreikkaa, 2
kraskevich, 2
supervision, 2
yjq, 2
pure, 2
cest, 2
misakas, 2
kotomi, 2
neither, 2
conversely, 2
congruence, 2
taylor, 2
newton, 2
srt, 2
disc, 2
sos, 2
adds, 2
invm, 2
gaussjordan, 2
testlib, 2
seoulnu, 2
acgteam, 2
stones, 2
talked, 2
freedom, 2
julsa, 2
senek, 2
sajal, 2
safin, 2
pycheese, 2
leafs, 2
lp, 2
putchar, 2
dlog, 2
yz, 2
famous, 2
auxiliary, 2
puttag, 2
intersected, 2
features, 2
universal, 2
gepardo, 2
influences, 2
rescheduled, 2
finalized, 2
postponed, 2
flat, 2
buts, 2
grader, 2
introductory, 2
irony, 2
abusing, 2
pairing, 2
kimi, 2
matsuwaru, 2
mystery, 2
enumerated, 2
producing, 2
concatenate, 2
generates, 2
albeit, 2
aimai, 2
moko, 2
outdegree, 2
outgoing, 2
spans, 2
izzydavid, 2
xviii, 2
reflected, 2
processors, 2
sehnsucht, 2
excellent, 2
zzs, 2
dasc, 2
greengrape, 2
war, 2
hs, 2
wide, 2
yloviaely, 2
developng, 2
conversational, 2
zdb, 2
ly, 2
nlog, 2
hexagonal, 2
axis, 2
asia, 2
continent, 2
tourist, 2
iq, 2
lhic, 2
voronoi, 2
liked, 2
etaehyun, 2
platinant, 2
puyo, 2
sale, 2
classifieds, 2
hse, 2
purchase, 2
movements, 2
costs, 2
energy, 2
mad, 2
earn, 2
dario, 2
apiad, 2
dacin, 2
kujoukaren, 2
germany, 2
krismaz, 2
darnley, 2
sofiia, 2
omelianenko, 2
theirs, 1
duplicating, 1
tocalculate, 1
separatedly, 1
fs, 1
water, 1
emptied, 1
valera, 1
coincides, 1
privilege, 1
systests, 1
advice, 1
dna, 1
induce, 1
computationally, 1
crudely, 1
paint, 1
yours, 1
sina, 1
abbasi, 1
measured, 1
pseudotree, 1
pretend, 1
minimax, 1
simplex, 1
rescue, 1
experimenting, 1
dealt, 1
bn, 1
tridecimal, 1
trivia, 1
feb, 1
vnovakovski, 1
stella, 1
marine, 1
generous, 1
offices, 1
analyzes, 1
customers, 1
rapidly, 1
market, 1
cloud, 1
budgeting, 1
transparency, 1
intuitive, 1
formation, 1
firm, 1
invests, 1
industry, 1
transforming, 1
logos, 1
addepar, 1
finishers, 1
leadership, 1
awards, 1
demiguo, 1
waterfalls, 1
hourrank, 1
forthright, 1
shafaet, 1
tabasz, 1
enclosed, 1
carrying, 1
factory, 1
amounts, 1
liters, 1
purchased, 1
miles, 1
preorder, 1
xlo, 1
ylo, 1
yhi, 1
span, 1
violist, 1
nearest, 1
decrementing, 1
rnk, 1
undoes, 1
undone, 1
aandb, 1
pointless, 1
naughty, 1
smoother, 1
grandma, 1
laura, 1
apples, 1
thumbs, 1
forn, 1
favor, 1
understandably, 1
qsort, 1
exceeded, 1
thief, 1
twist, 1
recalculation, 1
akn, 1
triplet, 1
controlled, 1
holding, 1
violators, 1
punished, 1
london, 1
memes, 1
mine, 1
coinflips, 1
thekfactor, 1
randomwalkongrid, 1
permutant, 1
acmicpc, 1
deriving, 1
xi, 1
yi, 1
subquardatic, 1
subquadratic, 1
attitude, 1
sokolov, 1
raviojha, 1
inviting, 1
vibrant, 1
confuse, 1
semifinals, 1
canceled, 1
rus, 1
discover, 1
simillarities, 1
xvalue, 1
dat, 1
initializators, 1
doit, 1
reminded, 1
tempted, 1
abcg, 1
carries, 1
dijsktra, 1
blackbox, 1
caring, 1
opening, 1
baa, 1
baltics, 1
nickolas, 1
isomorphs, 1
engagements, 1
kamil, 1
bowski, 1
develop, 1
passion, 1
disturb, 1
sobolevteam, 1
seyaua, 1
sdya, 1
lnu, 1
dandelion, 1
osmanorhan, 1
nhho, 1
fudail, 1
agaga, 1
alanm, 1
applause, 1
nicer, 1
algebra, 1
tied, 1
containg, 1
simillar, 1
travelsal, 1
gabriel, 1
suspected, 1
speeds, 1
mistakenly, 1
earth, 1
orbit, 1
absence, 1
oversight, 1
backfire, 1
trajectory, 1
misunderstood, 1
highlight, 1
confusion, 1
marker, 1
exploited, 1
confuses, 1
pursuit, 1
artifacts, 1
ants, 1
stoyan, 1
malinin, 1
accident, 1
acmath, 1
legit, 1
yay, 1
buttons, 1
dragging, 1
retard, 1
navigation, 1
arrows, 1
hacky, 1
workaround, 1
helvetic, 1
toroidal, 1
monochromatic, 1
chbllns, 1
chefpath, 1
checkerboard, 1
bipin, 1
colorings, 1
fibq, 1
egin, 1
devgostr, 1
van, 1
der, 1
waerden, 1
cleverly, 1
amaexper, 1
mutiple, 1
kings, 1
revolves, 1
furgraph, 1
weighing, 1
cyclicly, 1
negate, 1
chnbgmt, 1
lindstrom, 1
gessel, 1
viennot, 1
carrots, 1
onwards, 1
infinitum, 1
cst, 1
valueable, 1
entertainment, 1
vihrov, 1
incredible, 1
spectator, 1
pakalns, 1
yao, 1
yeguanghao, 1
hzq, 1
examined, 1
unknowns, 1
inversed, 1
strlen, 1
atoi, 1
disconnected, 1
partite, 1
gambling, 1
faced, 1
arrangement, 1
freely, 1
encoded, 1
inclusion, 1
exclusion, 1
expressions, 1
tad, 1
ololo, 1
analyse, 1
redirect, 1
packageexception, 1
crashes, 1
compares, 1
alongside, 1
exceptions, 1
communicate, 1
maker, 1
xb, 1
flex, 1
muscles, 1
provider, 1
education, 1
profession, 1
younger, 1
cumulative, 1
conutries, 1
romania, 1
sursa, 1
seniori, 1
arhiva, 1
probleme, 1
oline, 1
skills, 1
writting, 1
verdict, 1
denial, 1
judgement, 1
karak, 1
attempted, 1
effect, 1
decisions, 1
rejudging, 1
wishes, 1
eduardische, 1
lexdmitriev, 1
katanic, 1
farmer, 1
overtroll, 1
tdl, 1
rowdark, 1
polingy, 1
investigated, 1
bugzilla, 1
constexpr, 1
constructor, 1
bag, 1
bearish, 1
copmany, 1
crucial, 1
destroying, 1
attacked, 1
survive, 1
malicious, 1
wolframalpha, 1
fd, 1
juice, 1
drink, 1
ads, 1
mysterious, 1
untill, 1
readable, 1
alphabetical, 1
bytaler, 1
chesskers, 1
reorder, 1
experiments, 1
ronald, 1
rivest, 1
playlists, 1
conform, 1
homoheneous, 1
congrats, 1
aproximation, 1
fcdkbear, 1
rajat, 1
icpcnews, 1
teamerboard, 1
meridien, 1
unfriendly, 1
homeless, 1
dogs, 1
avoiding, 1
bite, 1
leg, 1
tease, 1
hospital, 1
rabeis, 1
tetanus, 1
vaccinations, 1
ipt, 1
xennygrimmato, 1
arrogantidiot, 1
sumeet, 1
varma, 1
shdut, 1
congratulate, 1
medalists, 1
qualifications, 1
prior, 1
offers, 1
orthography, 1
voice, 1
alerts, 1
recorded, 1
tennis, 1
scored, 1
runner, 1
ij, 1
sped, 1
calculates, 1
consciously, 1
bicycle, 1
rewritten, 1
bike, 1
radars, 1
radii, 1
numerous, 1
violating, 1
environments, 1
editors, 1
fell, 1
asleep, 1
upvotes, 1
vivid, 1
withgoogle, 1
disregarded, 1
zholnin, 1
deviation, 1
variance, 1
girlfriend, 1
pupil, 1
ume, 1
kaq, 1
behtarinfake, 1
msaska, 1
jeannette, 1
regards, 1
poi, 1
complexities, 1
involving, 1
sqrts, 1
compiles, 1
unrelated, 1
criminals, 1
secondarily, 1
loglog, 1
booleans, 1
ri, 1
mini, 1
chelper, 1
args, 1
testnumber, 1
tochararray, 1
caclulate, 1
hasmoretokens, 1
nexttoken, 1
parseint, 1
chase, 1
floyd, 1
warshall, 1
lfn, 1
propagation, 1
bother, 1
retrieve, 1
implemement, 1
continuing, 1
uoi, 1
elementary, 1
shell, 1
graham, 1
saved, 1
locations, 1
transactions, 1
transferred, 1
interchange, 1
crossing, 1
intersects, 1
abscissas, 1
ordinates, 1
preceding, 1
lattice, 1
reporting, 1
ordering, 1
linearly, 1
preview, 1
brazil, 1
xllend, 1
savlik, 1
nore, 1
france, 1
wuzhengkai, 1
titled, 1
archives, 1
aliens, 1
hotter, 1
colder, 1
decode, 1
parrots, 1
remotely, 1
odometer, 1
specially, 1
persons, 1
migrated, 1
conventions, 1
consistency, 1
signatures, 1
fairly, 1
kazmenko, 1
espically, 1
aleksey, 1
tolstikov, 1
immense, 1
flaws, 1
freeze, 1
suffice, 1
effeciently, 1
exponentation, 1
progression, 1
importantly, 1
looped, 1
battling, 1
opponents, 1
emulate, 1
improbable, 1
intention, 1
suring, 1
rematch, 1
rematching, 1
minimizing, 1
treeset, 1
searches, 1
straightforwardly, 1
simulated, 1
ipsc, 1
countthrows, 1
implements, 1
comparable, 1
layers, 1
findpermutation, 1
ecprice, 1
winprobability, 1
acrush, 1
typos, 1
ice, 1
cream, 1
elif, 1
robber, 1
zoo, 1
permission, 1
themikemikovi, 1
septimal, 1
display, 1
bruteforces, 1
posible, 1
ouch, 1
fucklibc, 1
heaviest, 1
decsribed, 1
modules, 1
bruteforce, 1
replacement, 1
substitute, 1
gain, 1
reserve, 1
imposible, 1
euclidian, 1
floats, 1
varations, 1
eternity, 1
shaded, 1
indexes, 1
execute, 1
fread, 1
snow, 1
queen, 1
kingdom, 1
propose, 1
stricly, 1
precalculate, 1
ony, 1
delaunay, 1
triangulation, 1
anurag, 1
jain, 1
blob, 1
master, 1
mle, 1
nlgn, 1
unreadable, 1
unobfuscated, 1
stormy, 1
everglades, 1
herokuapp, 1
home, 1
poj, 1
nta, 1
cjtoribio, 1
rox, 1
sudhanshu, 1
sindhu, 1
jtnydv, 1
offline, 1
obey, 1
gullesnuffs, 1
cage, 1
lajiniunai, 1
tweety, 1
unonotingjonsno, 1
madiyar, 1
zoomswk, 1
dogewizard, 1
blazeit, 1
flappybird, 1
ihaveint, 1
amsen, 1
commentators, 1
muratt, 1
minamikotori, 1
mage, 1
whatthefua, 1
yanba, 1
macieck, 1
omrailgun, 1
zhsh, 1
skywalkert, 1
abgnwl, 1
vacation, 1
lull, 1
vary, 1
recommends, 1
kuviman, 1
huffman, 1
slogans, 1
galaxy, 1
imbard, 1
stages, 1
provde, 1
laptops, 1
guests, 1
seat, 1
beatuiful, 1
trickier, 1
succeeds, 1
leaders, 1
nibnalin, 1
manager, 1
unoriginal, 1
anytime, 1
crop, 1
harvesting, 1
koala, 1
mountains, 1
newspapers, 1
happiness, 1
arnpe, 1
ef, 1
wds, 1
cv, 1
aaak, 1
secq, 1
nc, 1
svgii, 1
rhx, 1
zpgcogxmmu, 1
aadcw, 1
tjfdgtpqeqq, 1
ua, 1
invocations, 1
narrowed, 1
submiting, 1
uva, 1
crashed, 1
tickets, 1
schoolmates, 1
siver, 1
eliminations, 1
bobrdobr, 1
nval, 1
makeenkov, 1
agul, 1
extr, 1
promise, 1
faculty, 1
mechanics, 1
mathematics, 1
vvl, 1
vl, 1
fixflow, 1
mincostmaxflowstrategy, 1
mai, 1
znconst, 1
valueof, 1
inclusiverange, 1
collides, 1
phyto, 1
adventure, 1
zhandos, 1
stilltooyoung, 1
yangjunzhao, 1
lych, 1
cys, 1
zharaskhan, 1
aici, 1
sunt, 1
linkurile, 1
problemele, 1
pe, 1
discutat, 1
prima, 1
gil, 1
morgan, 1
camels, 1
elementarymath, 1
xoring, 1
ninja, 1
ocheretnyi, 1
otoshol, 1
matvey, 1
geniucos, 1
constatinstefan, 1
gromah, 1
serlis, 1
jason, 1
zjj, 1
reichenbach, 1
constantly, 1
logouting, 1
struggling, 1
roommate, 1
recording, 1
quit, 1
bubblecup, 1
jerry, 1
burunduk, 1
sansirowaltz, 1
huzzah, 1
vax, 1
kylechen, 1
leiq, 1
tomer, 1
adar, 1
boredtodeath, 1
orangeplus, 1
yukikaze, 1
shangjingbo, 1
typed, 1
appearing, 1
ignoring, 1
detect, 1
unassigned, 1
mnlogn, 1
mlogn, 1
logm, 1
logl, 1
walls, 1
wall, 1
unwind, 1
completeness, 1
reductions, 1
recompute, 1
blanks, 1
cbb, 1
urns, 1
overcounting, 1
ffted, 1
ffts, 1
courage, 1
shiny, 1
countless, 1
buffering, 1
patiently, 1
waited, 1
pleasantly, 1
hops, 1
conceal, 1
hardly, 1
reluctantly, 1
admit, 1
locked, 1
crt, 1
automake, 1
autoconf, 1
monstrosity, 1
dust, 1
cmake, 1
desk, 1
bases, 1
invariably, 1
putc, 1
aha, 1
documentation, 1
buffered, 1
folder, 1
installation, 1
frames, 1
cheap, 1
causes, 1
zeroing, 1
blowing, 1
pad, 1
umpteenth, 1
wastefully, 1
precious, 1
strtoxx, 1
byte, 1
separators, 1
unexpected, 1
inlined, 1
separating, 1
inlining, 1
squeezed, 1
drowning, 1
capable, 1
initialization, 1
unresolved, 1
benchmarks, 1
servers, 1
behaves, 1
fenceortho, 1
caliper, 1
purposes, 1
mashup, 1
warmups, 1
accurately, 1
ainu, 1
hurt, 1
twosquares, 1
overheads, 1
rewrite, 1
milisecond, 1
wrap, 1
apologies, 1
invitational, 1
college, 1
subtraction, 1
angular, 1
velocity, 1
integration, 1
newbie, 1
competetive, 1
unbelievable, 1
fucking, 1
joking, 1
bro, 1
intend, 1
abbyy, 1
hesitating, 1
accommodation, 1
anxious, 1
tentatively, 1
unfair, 1
nizhny, 1
novgorod, 1
arkhanglesk, 1
volgograd, 1
kazan, 1
kapun, 1
polequoll, 1
ineligible, 1
rivudas, 1
satyaki, 1
gamer, 1
shil, 1
tanmayc, 1
worldwide, 1
coauthors, 1
tatiana, 1
hiring, 1
immigration, 1
sponsor, 1
francois, 1
lafortune, 1
ceo, 1
karel, 1
vuong, 1
director, 1
launchpad, 1
assembling, 1
pursuing, 1
innovation, 1
insurance, 1
industries, 1
expertise, 1
infrastructure, 1
betting, 1
equipping, 1
innovate, 1
frameworks, 1
deliver, 1
wellness, 1
prosperity, 1
inventing, 1
businesses, 1
payroll, 1
benefits, 1
comprehensive, 1
automates, 1
administration, 1
secure, 1
enabling, 1
meaningful, 1
healthcare, 1
healthy, 1
conversations, 1
interactions, 1
imagery, 1
patients, 1
chatbot, 1
diagnoses, 1
physical, 1
mental, 1
concerns, 1
contacted, 1
problwm, 1
pms, 1
sols, 1
assumes, 1
pony, 1
harmony, 1
chest, 1
prompts, 1
sith, 1
hunter, 1
gems, 1
precisiely, 1
gerald, 1
giant, 1
visits, 1
trivially, 1
encounters, 1
rover, 1
ant, 1
insufficient, 1
dedicated, 1
dmitrybelikov, 1
ljsss, 1
kehkelenge, 1
dilsonguim, 1
zqc, 1
visualize, 1
claims, 1
sonya, 1
wihtout, 1
wheareas, 1
recurrences, 1
slopes, 1
settled, 1
analyzing, 1
killer, 1
demonstrates, 1
generalization, 1
balancing, 1
multiset, 1
recurse, 1
weighted, 1
recover, 1
weakest, 1
publishing, 1
rotations, 1
bying, 1
arseniy, 1
wears, 1
recolor, 1
archeology, 1
formulate, 1
residue, 1
residues, 1
sticker, 1
gennady, 1
subtracts, 1
formulation, 1
stjepang, 1
snippets, 1
repetitive, 1
collection, 1
hundreds, 1
inspire, 1
serve, 1
wwwwodddd, 1
cheater, 1
banned, 1
particularly, 1
monk, 1
occasionally, 1
mandatory, 1
practise, 1
interviewed, 1
interned, 1
engineering, 1
probable, 1
siberian, 1
american, 1
novice, 1
fishi, 1
devtail, 1
weblog, 1
apps, 1
forums, 1
bjsessionid, 1
bf, 1
fab, 1
threadid, 1
mc, 1
operators, 1
implicitly, 1
nlogm, 1
determinist, 1
probabilistical, 1
targeting, 1
generic, 1
representative, 1
daylight, 1
wondered, 1
hoepfully, 1
breadth, 1
doreamon, 1
eagerly, 1
junior, 1
partcipate, 1
dieglaube, 1
confused, 1
experimented, 1
eh, 1
demand, 1
dumb, 1
avoided, 1
thumb, 1
gist, 1
cabe, 1
bdaacfacd, 1
cb, 1
unshuffle, 1
bmerry, 1
kankuro, 1
commentary, 1
twitter, 1
mixed, 1
spread, 1
barnaul, 1
tbilisi, 1
northeastern, 1
dakota, 1
usa, 1
instagram, 1
halls, 1
ershov, 1
indigenous, 1
kuchumovilya, 1
belarusian, 1
suir, 1
netman, 1
teleport, 1
kaban, 1
tunyash, 1
fu, 1
charmander, 1
kunga, 1
cosplay, 1
justify, 1
invisible, 1
shocking, 1
utilized, 1
exploiting, 1
notations, 1
violated, 1
discriminant, 1
clique, 1
makoto, 1
parser, 1
parsers, 1
dependencies, 1
freaks, 1
beginner, 1
distraction, 1
efault, 1
dog, 1
reversed, 1
toodifficuit, 1
toodifficult, 1
ap, 1
primality, 1
precalculation, 1
keyboard, 1
rotcafemirptcnitsidfomus, 1
caesar, 1
sumofdistinctprimefactors, 1
anagrams, 1
erdnctio, 1
rearrange, 1
oops, 1
troll, 1
thepassword, 1
meteor, 1
darkhh, 1
akaineko, 1
derived, 1
assumptions, 1
hongcow, 1
draws, 1
hh, 1
meanwhile, 1
cyanine, 1
ky, 1
siao, 1
chi, 1
sitting, 1
aced, 1
implmentation, 1
eve, 1
focuses, 1
partitioned, 1
dealing, 1
unequal, 1
queried, 1
combines, 1
transitioning, 1
possibilties, 1
lengthofstring, 1
tempt, 1
strengths, 1
editable, 1
decomposing, 1
predetermined, 1
factoring, 1
scaling, 1
ensures, 1
gender, 1
elves, 1
sprague, 1
explanations, 1
childs, 1
xored, 1
santa, 1
teammates, 1
attemps, 1
lifehack, 1
hotkey, 1
upvote, 1
discount, 1
shrits, 1
workshops, 1
lecturers, 1
michael, 1
tba, 1
sister, 1
neibhours, 1
heavily, 1
rafbill, 1
cki, 1
deterministic, 1
withing, 1
popcounts, 1
representations, 1
snowy, 1
duality, 1
dual, 1
hero, 1
latitude, 1
misinterpreting, 1
continuously, 1
drawings, 1
backtracks, 1
visitedstates, 1
csdn, 1
zawedx, 1
sth, 1
forcely, 1
spliting, 1
merges, 1
monthly, 1
jiry, 1
ahead, 1
duty, 1
subtitles, 1
shhdup, 1
mingalev, 1
controllers, 1
spentplaying, 1
lawfung, 1
props, 1
biginner, 1
factorize, 1
singleton, 1
congradulations, 1
runners, 1
controller, 1
lunar, 1
aaaaajack, 1
finest, 1
hats, 1
whet, 1
appetite, 1
delectable, 1
packed, 1
hassan, 1
feedbacks, 1
novices, 1
reds, 1
narenji, 1
hackers, 1
morass, 1
mishaprigara, 1
er, 1
vanya, 1
han, 1
solo, 1
lazer, 1
gun, 1
scalar, 1
anttt, 1
mogohu, 1
rea, 1
idol, 1
professor, 1
convexity, 1
potter, 1
golden, 1
snitch, 1
googlable, 1
stackoverflow, 1
port, 1
pc, 1
pref, 1
suf, 1
toughest, 1
frequncy, 1
frequencly, 1
radiostation, 1
rsq, 1
matchings, 1
automorphism, 1
subtress, 1
attach, 1
isomophism, 1
barely, 1
ankengineer, 1
peter, 1
fhlasek, 1
sergeyrogulenko, 1
ary, 1
xvii, 1
refrain, 1
prints, 1
fodqo, 1
yeputons, 1
relaxed, 1
counterexamples, 1
hackish, 1
trigonometry, 1
commens, 1
questionnaire, 1
casino, 1
accessing, 1
ind, 1
resulted, 1
irrelevant, 1
wed, 1
los, 1
angelos, 1
feldsherov, 1
mamka, 1
funtik, 1
matematik, 1
xlightdog, 1
breath, 1
suraj, 1
sharma, 1
honestly, 1
corrected, 1
savinov, 1
inta, 1
anta, 1
chiaki, 1
hoshinomori, 1
whyamihere, 1
mjkocijan, 1
schemtschik, 1
kiiiiii, 1
pisos, 1
pro, 1
marcospqf, 1
fushar, 1
safarisoul, 1
panole, 1
thesis, 1
pupils, 1
redistribution, 1
academic, 1
weird, 1
dishonest, 1
sellers, 1
nastya, 1
peterson, 1
polyglot, 1
reuse, 1
parquet, 1
laying, 1
reversible, 1
vertically, 1
rotated, 1
selling, 1
accomplished, 1
radix, 1
recalculated, 1
popularize, 1
welcomes, 1
gtc, 1
tmt, 1
marth, 1
tx, 1
pa, 1
ten, 1
colorful, 1
spectral, 1
unusually, 1
occasion, 1
thailand, 1
harvard, 1
johnny, 1
ho, 1
johnnyh, 1
calvin, 1
deng, 1
dnkywin, 1
jelani, 1
nelson, 1
robert, 1
walton, 1
america, 1
communicates, 1
adviser, 1
logic, 1
cake, 1
consequence, 1
continually, 1
tackle, 1
phases, 1
clock, 1
assessed, 1
katowice, 1
limitations, 1
behalf, 1
promoting, 1
downvoted, 1
broadly, 1
editing, 1
stars, 1
fstream, 1
harshil, 1
biginnnner, 1
yzyz, 1
arthur, 1
kefaa, 1
babanin, 1
felix, 1
trumen, 1
laakeri, 1
rupxup, 1
rpg, 1
rres, 1
hxlll, 1
diversity, 1
strips, 1
romanians, 1
assess, 1
assure, 1
charge, 1
cms, 1
bidgoli, 1
arash, 1
mishinev, 1
encho, 1
hossein, 1
mohammad, 1
nematollahi, 1
doesnt, 1
stlye, 1
automatic, 1
berths, 1
rap, 1
god, 1
capped, 1
falls, 1
walking, 1
initally, 1
disable, 1
logaritmic, 1
composition, 1
ladders, 1
startpoints, 1
princeofpersia, 1
realistic, 1
ghd, 1
impressed, 1
impress, 1
overcomplicated, 1
ish, 1
bst, 1
camypaper, 1
moejy, 1
loaded, 1
dom, 1
isp, 1
proxy, 1
session, 1
external, 1
browsing, 1
stops, 1
spinning, 1
analytics, 1
headers, 1
status, 1
presumably, 1
intern, 1
housing, 1
venue, 1
fellowship, 1
authorization, 1
networks, 1
speaker, 1
books, 1
collins, 1
newspaper, 1
owner, 1
president, 1
impeachment, 1
nearby, 1
facts, 1
diary, 1
contents, 1
complaints, 1
watching, 1
codeforce, 1
yyt, 1
immortalco, 1
dylans, 1
altria, 1
pendragon, 1
yjqqqaq, 1
jzzhu, 1
skydec, 1
culpable, 1
confidence, 1
hazardous, 1
incurred, 1
notion, 1
awkwardness, 1
recurred, 1
maxndigit, 1
mouthful, 1
premature, 1
overwhelmed, 1
undoable, 1
gargantuan, 1
recognition, 1
believing, 1
elapsed, 1
stricter, 1
cheated, 1
needless, 1
horror, 1
embark, 1
baffled, 1
sight, 1
ubiquitous, 1
respond, 1
becoming, 1
tactics, 1
debunked, 1
desperately, 1
spoiled, 1
algebraic, 1
utterly, 1
zigzags, 1
shaped, 1
hypothesized, 1
disregarding, 1
harbinger, 1
voila, 1
acceptable, 1
fascinating, 1
locate, 1
disaster, 1
considerable, 1
hesitation, 1
steadily, 1
tragic, 1
narrowly, 1
obstacle, 1
nonetheless, 1
absurdity, 1
gleeful, 1
reaction, 1
imaginary, 1
accomplishment, 1
bane, 1
woe, 1
ostensibly, 1
axiom, 1
misled, 1
abyss, 1
passiveness, 1
unconscious, 1
severely, 1
sleepy, 1
truth, 1
boner, 1
fluke, 1
slowness, 1
incorrectness, 1
blunder, 1
sneaky, 1
furtive, 1
glasses, 1
exhilarated, 1
ages, 1
sanguine, 1
boom, 1
contented, 1
crave, 1
revolution, 1
habits, 1
sooner, 1
traveled, 1
enlighten, 1
accrual, 1
abilities, 1
recursions, 1
fluent, 1
equivocal, 1
interpretations, 1
roast, 1
broomstick, 1
smalls, 1
purposely, 1
steady, 1
larges, 1
steadiness, 1
berlekamp, 1
massey, 1
flop, 1
nightmare, 1
contributions, 1
angry, 1
probe, 1
environmental, 1
surprisingly, 1
lesson, 1
reminiscent, 1
bullshit, 1
climatic, 1
hasn, 1
begun, 1
pressure, 1
motivation, 1
succeeded, 1
toefl, 1
stammer, 1
neat, 1
outputted, 1
wandering, 1
outputting, 1
dramatic, 1
aspect, 1
vie, 1
preponderance, 1
mess, 1
mars, 1
calculation, 1
gamut, 1
badly, 1
aiming, 1
thoroughly, 1
ergo, 1
restriction, 1
deja, 1
vu, 1
membership, 1
catapulted, 1
falling, 1
phenomena, 1
epic, 1
prevail, 1
entered, 1
fair, 1
prevented, 1
uoj, 1
peace, 1
hong, 1
wang, 1
populated, 1
solely, 1
receives, 1
admitted, 1
abbr, 1
meantime, 1
dominator, 1
registering, 1
introducing, 1
calm, 1
refresh, 1
categorical, 1
announcements, 1
gautam, 1
frank, 1
chen, 1
season, 1
abcs, 1
seletions, 1
tours, 1
tomash, 1
stastomash, 1
yuliia, 1
zdanovska, 1
julia, 1
serhii, 1
mazajew, 1
bagincode, 1
nikitenko, 1
karasick, 1
denys, 1
slobodianiuk, 1
bohdan, 1
vakhitov, 1
bondanvak, 1
maksym, 1
oboznyi, 1
maximoboznyi, 1
attract, 1
struggle, 1
yangxm, 1
sokian, 1
multiplier, 1
hurrying, 1
xrange, 1
wear, 1
lense, 1
unpaired, 1
repair, 1
transformations, 1
memcpy, 1
orientation, 1
tetrahedron, 1
absolutely, 1
inversion, 1
argc, 1
argv, 1
atan, 1
cable, 1
periodically, 1
breaks, 1
thrown, 1
clarified, 1
throwing, 1
unbroken, 1
feasible, 1
saturate, 1
maximizes, 1
augmenting, 1
alkurmtl, 1
kurilkin, 1
eliminational, 1
vests, 1
souvenirs, 1
notepads, 1
panoramic, 1
challange, 1
smirnov, 1
artsem, 1
zhuk, 1
konstantin, 1
semenov, 1
cryptozoology, 1
ostanin, 1
nikita, 1
uvarov, 1
zban, 1
smykalov, 1
havka, 1
papvsto, 1
kunyavsky, 1
kopeliovich, 1
rejudge, 1
cdt, 1
texas, 1
midnight, 1
timelimit, 1
beggining, 1
reqired, 1
determining, 1
recurrent, 1
artihmetic, 1
onsider, 1
kn, 1
cluster, 1
brigdes, 1
terminology, 1
remembering, 1
commonly, 1
agreed, 1
worldfinals, 1
ars, 1
longa, 1
distinguish, 1
glued, 1
stating, 1
gauss, 1
stability, 1
mistaken, 1
rods, 1
neutralize, 1
silly, 1
pockets, 1
thinks, 1
sheet, 1
ejudge, 1
roof, 1
acyclic, 1
topological, 1
trinalge, 1
suffices, 1
substract, 1
thin, 1
conveyor, 1
belt, 1
achieved, 1
pose, 1
empirically, 1
profiles, 1
media, 1
pulled, 1
fire, 1
optimizational, 1
nezzar, 1
ltaravilse, 1
btk, 1
rcg, 1
sustechdfs, 1
hieutrungle, 1
prairie, 1
partition, 1
perishable, 1
roads, 1
subtracting, 1
ifdef, 1
endif, 1
imag, 1
dirichlet, 1
pigeon, 1
llvm, 1
releases, 1
tar, 1
xz, 1
bin, 1
availiable, 1
yeoh, 1
sreejato, 1
kishor, 1
bhattacharya, 1
shilyaev, 1
coordinating, 1
seter, 1
sirshokoladina, 1
dbradac, 1
robbery, 1
similitude, 1
setprecision, 1
occupy, 1
proven, 1
sameset, 1
getstat, 1
leha, 1
cancel, 1
yx, 1
backtracking, 1
agin, 1
hurdle, 1
storage, 1
probelm, 1
unread, 1
mails, 1
incoming, 1
guilty, 1
oldest, 1
lassies, 1
versus, 1
dusya, 1
lusia, 1
effecient, 1
excersise, 1
dirstibute, 1
traversing, 1
sting, 1
looses, 1
ostap, 1
loose, 1
independetly, 1
standing, 1
coat, 1
mall, 1
quaratic, 1
measure, 1
unclosed, 1
notices, 1
fudan, 1
sjtu, 1
ntu, 1
helsinki, 1
bsuir, 1
keio, 1
rapid, 1
polylog, 1
flying, 1
cordially, 1
prateek, 1
gupta, 1
pleased, 1
professional, 1
lidia, 1
perovskaya, 1
crew, 1
narrow, 1
blogpost, 1
faciliate, 1
persistence, 1
preserved, 1
quantity, 1
nevermind, 1
imply, 1
disprove, 1
confirm, 1
rearranged, 1
collections, 1
arranging, 1
staying, 1
postpone, 1
evidence, 1
gatekeeper, 1
inexperienced, 1
maximized, 1
restraint, 1
involve, 1
eariler, 1
proceeds, 1
stresstesting, 1
tediousness, 1
poison, 1
criterion, 1
extending, 1
recursiveness, 1
continuations, 1
contradictions, 1
subsequent, 1
conflicts, 1
evident, 1
hoops, 1
dodge, 1
spikes, 1
whatnot, 1
sell, 1
alterations, 1
alter, 1
undecided, 1
volume, 1
paying, 1
distribute, 1
concludes, 1
underflow, 1
alteration, 1
relies, 1
arises, 1
transitivity, 1
overhead, 1
behave, 1
prupose, 1
dance, 1
tolerance, 1
suffer, 1
fluctuations, 1
risk, 1
resilient, 1
insertion, 1
maths, 1
alternation, 1
ur, 1
rurd, 1
gueess, 1
tuple, 1
streets, 1
frankly, 1
anticipated, 1
neutral, 1
assemble, 1
unicyclic, 1
milanin, 1
hik, 1
miceren, 1
felt, 1
reference, 1
document, 1
elsewhere, 1
ergonomic, 1
api, 1
scc, 1
sweepings, 1
partitioning, 1
tridiagonal, 1
unrolling, 1
allocation, 1
simd, 1
ofast, 1
vectorize, 1
unroll, 1
layout, 1
archaeological, 1
interest, 1
trds, 1
bigint, 1
implementations, 1
drinkless, 1
emen, 1
teapot, 1
hogloid, 1
popelyshev, 1
aitch, 1
uniformly, 1
flattered, 1
restate, 1
bell, 1
magnet, 1
raleq, 1
lsuhjr, 1
pz, 1
sly, 1
pulgares, 1
wcps, 1
aksenov, 1
gshark, 1
exhausted, 1
speak, 1
communications, 1
quickier, 1
crush, 1
mmr, 1
response, 1
nimber, 1
fbhc, 1
hammer, 1
postcard, 1
constructive, 1
soccer, 1
unsportsmanlike, 1
controversy, 1
lately, 1
penalized, 1
amusing, 1
attributed, 1
remarks, 1
typical, 1
strive, 1
perspective, 1
grasp, 1
typically, 1
batch, 1
upset, 1
saves, 1
urge, 1
hadn, 1
prerequisite, 1
advantages, 1
foremost, 1
profitable, 1
context, 1
switching, 1
subconscious, 1
intentionally, 1
withholding, 1
subjective, 1
controversial, 1
bail, 1
disadvantageous, 1
esteem, 1
loophole, 1
oneself, 1
goals, 1
recruit, 1
jinji, 1
slots, 1
sunny, 1
vladimir, 1
voidmax, 1
romanov, 1
alexandra, 1
drozdova, 1
coverage, 1
concentrate, 1
sixth, 1
talles, 1
milad, 1
worried, 1
nervousness, 1
morsels, 1
rashly, 1
nervous, 1
bete, 1
noire, 1
fleeting, 1
fixer, 1
shame, 1
cynical, 1
styled, 1
rushed, 1
selecting, 1
altogether, 1
silver, 1
bronze, 1
alternate, 1
histories, 1
stunned, 1
misstep, 1
snowball, 1
mood, 1
illogical, 1
ga, 1
dataset, 1
distributions, 1
records, 1
tudent, 1
whill, 1
contradictive, 1
evaluating, 1
ability, 1
clue, 1
memorize, 1
exaggerated, 1
datas, 1
mathematically, 1
gamble, 1
predict, 1
landscapes, 1
expressionist, 1
colour, 1
field, 1
wp, 1
content, 1
uploads, 1
rgb, 1
artists, 1
idiot, 1
presenting, 1
focusing, 1
sweeping, 1
potentially, 1
pruned, 1
extensions, 1
submatrix, 1
intutition, 1
cols, 1
deliberately, 1
extracting, 1
adapting, 1
submatrices, 1
discarding, 1
transfer, 1
subsequently, 1
bottlenecked, 1
cleverer, 1
referred, 1
smax, 1
moj, 1
plugin, 1
applet, 1
awt, 1
eventqueue, 1
nosuchmethoderror, 1
client, 1
contestapplet, 1
localpreferences, 1
removeproperty, 1
preferences, 1
codeprocessor, 1
console, 1
resolving, 1
consuming, 1
glicko, 1
elo, 1
decline, 1
demotivating, 1
suggestion, 1
compensate, 1
explicit, 1
gchebanov, 1
vadymka, 1
zloyplace, 1
aimtech, 1
epicure, 1
bazsi, 1
shavkat, 1
aminov, 1
tian, 1
xie, 1
madn, 1
eg, 1
widget, 1
expired, 1
russiancodecup, 1
usecases, 1
textfield, 1
tips, 1
practicing, 1
routine, 1
conducting, 1
metropolises, 1
capitals, 1
disciplines, 1
bakhyt, 1
matkarymov, 1
coordinated, 1
falldream, 1
wxh, 1
xolm, 1
nicholasrr, 1
rawnd, 1
elena, 1
talks, 1
iranian, 1
coincidence, 1
deduction, 1
organize, 1
laws, 1
regulations, 1
visas, 1
electronic, 1
documents, 1
adapted, 1
emails, 1
consulate, 1
appointment, 1
notorious, 1
identification, 1
consume, 1
airport, 1
printed, 1
outdated, 1
oracle, 1
distros, 1
xp, 1
perhaps, 1
overhaul, 1
streamed, 1
ocean, 1
cafe, 1
pizza, 1
whiskey, 1
rice, 1
meal, 1
expense, 1
reimbursement, 1
outsourced, 1
relocation, 1
shoddy, 1
began, 1
fields, 1
payment, 1
inactivity, 1
responds, 1
lousy, 1
approved, 1
deselect, 1
scratch, 1
institutions, 1
vendors, 1
scope, 1
consideration, 1
questionable, 1
coincidentally, 1
georgia, 1
croatia, 1
kuniavski, 1
withdrew, 1
lipton, 1
tarnawski, 1
pleases, 1
achieving, 1
academia, 1
openai, 1
meret, 1
psyho, 1
outstanding, 1
achievement, 1
kuhn, 1
munkres, 1
strike, 1
evaluated, 1
indywidualne, 1
dniach, 1
sobota, 1
zarezerwowanych, 1
laboratoriach, 1
komputerowych, 1
rednictwem, 1
dotyczy, 1
zwolnienie, 1
asd, 1
labu, 1
czeniu, 1
wienie, 1
serdecznie, 1
wszystkich, 1
rednio, 1
wieniem, 1
ww, 1
samodzielnym, 1
zywaniu, 1
konkurs, 1
przeprowadzony, 1
zasadach, 1
akceptowane, 1
odrzucane, 1
liczone, 1
zaakceptowane, 1
sumaryczny, 1
zadanie, 1
liczony, 1
tku, 1
minut, 1
kary, 1
zanym, 1
czeniem, 1
itd, 1
gdyby, 1
zasad, 1
zasady, 1
takie, 1
naszych, 1
treningach, 1
indywidualnych, 1
wynik, 1
punktowy, 1
pojedynczej, 1
wyznaczony, 1
skali, 1
tak, 1
skokach, 1
narciarskich, 1
czny, 1
rezultat, 1
obydwu, 1
eliminacyjnych, 1
godzin, 1
owane, 1
zyku, 1
angielskim, 1
limity, 1
ciowe, 1
czasowe, 1
podane, 1
przy, 1
dym, 1
wolno, 1
wersji, 1
biblioteczek, 1
ani, 1
poza, 1
gdzie, 1
pne, 1
zarejestrowanych, 1
liczymy, 1
dokumentacji, 1
ywanego, 1
zyka, 1
programowania, 1
cppreference, 1
cplusplus, 1
technicznych, 1
gotowych, 1
konfiguracji, 1
graficznych, 1
konsolowych, 1
vimrc, 1
szablonu, 1
programu, 1
cego, 1
makra, 1
dowolnych, 1
papierowych, 1
drukowanych, 1
kowych, 1
wydrukowanej, 1
biblioteczki, 1
swoim, 1
koncie, 1
kody, 1
drugiego, 1
okna, 1
uczestnik, 1
musi, 1
konto, 1
prawdziwym, 1
imieniem, 1
nazwiskiem, 1
formularza, 1
zadaniami, 1
pytanie, 1
udzielona, 1
tkiem, 1
typu, 1
rozumiem, 1
zania, 1
takich, 1
przypadkach, 1
emy, 1
testowe, 1
dne, 1
zgodne, 1
warunkami, 1
powinny, 1
wczytywane, 1
standardowego, 1
wyniki, 1
wypisywane, 1
standardowe, 1
cie, 1
soboty, 1
dziemy, 1
lnych, 1
rymi, 1
ynach, 1
forma, 1
anych, 1
dowolna, 1
im, 1
bardziej, 1
owe, 1
lepiej, 1
trzy, 1
osoby, 1
nich, 1
powinna, 1
stosowne, 1
czytane, 1
termin, 1
ania, 1
propozycji, 1
przewidujemy, 1
ek, 1
jako, 1
dego, 1
uczestnika, 1
nawet, 1
niekonstruktywne, 1
rezygnacja, 1
dalszych, 1
podstawie, 1
pod, 1
inne, 1
istotne, 1
kryteria, 1
merytoryczne, 1
grupa, 1
trenerska, 1
podejmie, 1
uformowaniu, 1
trzyosobowych, 1
decyzja, 1
oszona, 1
wtorek, 1
ynowe, 1
akademickich, 1
mistrzostw, 1
polski, 1
programowaniu, 1
owym, 1
organizowanych, 1
awiu, 1
uwr, 1
tych, 1
zakwalifikowanych, 1
natomiast, 1
amppz, 1
uniwersytet, 1
warszawski, 1
rodkowoeuropejskich, 1
zawodach, 1
regionalnych, 1
zagrzebiu, 1
ynowych, 1
wszystkie, 1
tne, 1
yny, 1
trenerskiej, 1
uniwersytetu, 1
warszawskiego, 1
krzysztof, 1
diks, 1
adam, 1
karczmarz, 1
dasko, 1
smulewicz, 1
madey, 1
uwagi, 1
techniczne, 1
eliminacjami, 1
razie, 1
pojawienia, 1
dobrych, 1
zastrzegamy, 1
sobie, 1
dopisania, 1
regulaminu, 1
pierwszej, 1
zmiany, 1
wtedy, 1
nione, 1
commercial, 1
eastern, 1
federal, 1
tomsk, 1
novosibirsk, 1
samara, 1
florida, 1
asian, 1
hangzhou, 1
dianzi, 1
singapore, 1
interviews, 1
lectures, 1
andrey, 1
stankevich, 1
artem, 1
vasilyev, 1
smoothing, 1
creators, 1
glory, 1
cubelover, 1
chef, 1
exotic, 1
taste, 1
adkroxx, 1
adarsh, 1
kumar, 1
priyank, 1
jaini, 1
convinced, 1
abandoned, 1
learnt, 1
nontrivial, 1
discovery, 1
haghani, 1
cypi, 1
nu, 1
zjt, 1
guoxingzhuo, 1
senji, 1
kniaz, 1
gomory, 1
perception, 1
creativity, 1
prominent, 1
unpopular, 1
multipoint, 1
computes, 1
wo, 1
clones, 1
executing, 1
npw, 1
composing, 1
marked, 1
marking, 1
heron, 1
factorizations, 1
parities, 1
nig, 1
hopcroft, 1
karp, 1
kindergarten, 1
kids, 1
arbitary, 1
combinatorial, 1
forcing, 1
fermat, 1
multiplicity, 1
ash, 1
transient, 1
fundamental, 1
nr, 1
selects, 1
replaces, 1
inductive, 1
exceeds, 1
notation, 1
ks, 1
guns, 1
equalities, 1
differential, 1
substituting, 1
danil, 1
assembly, 1
crash, 1
mac, 1
youtu, 1
qrldop, 1
jqki, 1
fgh, 1
garder, 1
glebodin, 1
neckbosov, 1
arpa, 1
starcall, 1
led, 1
remainig, 1
masha, 1
colours, 1
indicate, 1
izabella, 1
peroid, 1
brother, 1
perpendicular, 1
requierd, 1
scanning, 1
models, 1
adress, 1
cygwin, 1
setmode, 1
fileno, 1
disables, 1
provisionally, 1
disbanded, 1
alternately, 1
consecutively, 1
imitate, 1
handwork, 1
sun, 1
indulge, 1
appetizing, 1
jot, 1
misha, 1
chorniy, 1
bitcoin, 1
moneys, 1
promises, 1
butthurt, 1
disgusted, 1
hatred, 1
lte, 1
laggy, 1
instantly, 1
curse, 1
fudge, 1
desire, 1
polite, 1
legends, 1
dialogs, 1
intrusive, 1
flashing, 1
gifs, 1
chihuahua, 1
kamilbek, 1
josdas, 1
disa, 1
ilnar, 1
pcms, 1
ilsaf, 1
hapooo, 1
zclimber, 1
kp, 1
arcsin, 1
stock, 1
fall, 1
veschii, 1
nevstrui, 1
dpr, 1
pavlin, 1
telamont, 1
iakovlev, 1
zakhar, 1
ismagils, 1
dcnick, 1
kammola, 1
henryx, 1
lifecracker, 1
emoairx, 1
laofudasuanbaofushehui, 1
transversal, 1
agcs, 1
flights, 1
employed, 1
driven, 1
greetings, 1
stimulating, 1
campaign, 1
wong, 1
chemthan, 1
trung, 1
nguyen, 1
killjee, 1
satyam, 1
shubham, 1
agrawal, 1
eighth, 1
timezones, 1
otherland, 1
spruce, 1
filter, 1
lambda, 1
lemonade, 1
xff, 1
vulnerabilities, 1
technically, 1
vulnerability, 1
attacks, 1
cybersecurity, 1
expert, 1
titles, 1
understood, 1
patch, 1
stolen, 1
branch, 1
revealing, 1
cons, 1
loves, 1
attractive, 1
forbid, 1
references, 1
reward, 1
pros, 1
prestigious, 1
indirectly, 1
intelli, 1
camps, 1
counterargument, 1
eager, 1
awake, 1
complies, 1
voting, 1
arguments, 1
race, 1
umnik, 1
sophomore, 1
semester, 1
painful, 1
reports, 1
imported, 1
vfleaking, 1
flaw, 1
inspiration, 1
sunshine, 1
angel, 1
synchronously, 1
raised, 1
templates, 1
arbitrarily, 1
treap, 1
meanings, 1
putting, 1
delaying, 1
regarded, 1
gorgeous, 1
usr, 1
definitions, 1
encouragement, 1
disadvantages, 1
osupo, 1
junzhao, 1
yang, 1
legendary, 1
grandmaster, 1
accolade, 1
ltdtl, 1
panda, 1
leafy, 1
glass, 1
rotates, 1
angles, 1
palinromic, 1
sufficiency, 1
symmetry, 1
necessity, 1
doubled, 1
lemmas, 1
repetition, 1
euclid, 1
continues, 1
studied, 1
backup, 1
causing, 1
destroy, 1
varies, 1
precomputations, 1
withdraw, 1
akikaze, 1
tshil, 1
watchclannad, 1
fmota, 1
qrort, 1
collisions, 1
faulhaber, 1
lagrange, 1
interpolation, 1
overkill, 1
serves, 1
herring, 1
disguise, 1
tiling, 1
dimension, 1
overlap, 1
anticlockwise, 1
financially, 1
participans, 1
reupdate, 1
oncescu, 1
alexandru, 1
cristea, 1
olympid, 1
sportsmanship, 1
wistakk, 1
kydec, 1
dearborn, 1
chenkerui, 1
demerzel, 1
yyc, 1
jm, 1
anson, 1
iotang, 1
wcz, 1
hankpipi, 1
cyz, 1
wwd, 1
kudos, 1
assumed, 1
describes, 1
alyavin, 1
kuzmichev, 1
dima, 1
scorpion, 1
threads, 1
inferrence, 1
keyword, 1
entryset, 1
getkey, 1
getvalue, 1
enhancements, 1
scoder, 1
assured, 1
fool, 1
slava, 1
alipov, 1
eik, 1
domain, 1
frontiers, 1
artificial, 1
coherent, 1
conversation, 1
creation, 1
proj, 1
ods, 1
optimally, 1
substitution, 1
decryption, 1
drive, 1
etl, 1
iz, 1
tvgf, 1
twbvodksct, 1
iw, 1
usp, 1
textfile, 1
specifying, 1
hexadecimal, 1
returning, 1
googling, 1
polya, 1
walks, 1
abuse, 1
inconsistent, 1
showcase, 1
countercases, 1
squared, 1
quieried, 1
average, 1
closestpair, 1
screenshots, 1
premoderated, 1
reject, 1
resolve, 1
colleagues, 1
practical, 1
eng, 1
avialable, 1
hristenko, 1
frequent, 1
sweepline, 1
converting, 1
hexagons, 1
remembered, 1
labeling, 1
highlights, 1
evilest, 1
hides, 1
beginpath, 1
commands, 1
js, 1
threshold, 1
unmark, 1
theircount, 1
redrawn, 1
repaint, 1
bounding, 1
icon, 1
crossed, 1
collected, 1
recetify, 1
omissions, 1
atm, 1
hestitate, 1
league, 1
shanghai, 1
liympanda, 1
sd, 1
ruins, 1
lxhgww, 1
sindweller, 1
czy, 1
finalist, 1
jin, 1
nuke, 1
reamoon, 1
imbaovertroll, 1
mikle, 1
utaka, 1
alexei, 1
raichuk, 1
aveman, 1
vnovakov, 1
alums, 1
lunches, 1
setup, 1
petrmitrichev, 1
embedding, 1
extremal, 1
nick, 1
biginteger, 1
fghi, 1
consisted, 1
caught, 1
family, 1
tentative, 1
cutoff, 1
abc, 1
gray, 1
newcomer, 1
significance, 1
crowning, 1
champion, 1
fellow, 1
huh, 1
darkestlight, 1
checklist, 1
ojuz, 1
docs, 1
excel, 1
spreadsheet, 1
tedious, 1
completed, 1
alma, 1
mater, 1
uniform, 1
livestream, 1
algos, 1
pubs, 1
reflect, 1
hopes, 1
semi, 1
orange, 1
maintainer, 1
nutella, 1
congratulation, 1
ulna, 1
gamegame, 1
checkers, 1
yut, 1
nori, 1
ko, 1
osaga, 1
queryreuq, 1
sky, 1
eurasia, 1
olympic, 1
zigzag, 1
xtreme, 1
recipe, 1
ttocs, 1
initiative, 1
advertisements, 1
sections, 1
devoted, 1
jobs, 1
estate, 1
personals, 1
cars, 1
craigslist, 1
grigory, 1
reznikov, 1
isaf, 1
shiqing, 1
cyand, 1
lyu, 1
gifts, 1
yasugongshang, 1
shadowatyy, 1
noam, 1
xiaowuc, 1
unpublished, 1
electricity, 1
service, 1
mcfx, 1
sminem, 1
fortza, 1
gabi, 1
tulba, 1
cheburazshka, 1
kfc, 1
cantgetanywawhyimsosmart, 1
vending, 1
bottles, 1
possess, 1
kvas, 1
klass, 1
image, 1
eat, 1
minor, 1
prepending, 1
disappeared, 1
additions, 1
growed, 1
suftree, 1
interleaved, 1
interleave, 1
ascent, 1
nor, 1
returned, 1
aggravated, 1
logs, 1
analisys, 1
darthprince, 1
tbd, 1
thepolishbookstore, 1
ultimate, 1
requesting, 1
tons, 1
inb, 1
monsoon, 1
italy, 1
owo, 1
switzerland, 1
kunyavskiy, 1
vertroll, 1
cospleermusora, 1
tejs, 1
denmark, 1
tomek, 1
pparys, 1
fagu, 1
beware, 1
nine, 1
stroustrup, 1
kostaskostil, 1
pavlo, 1
pashachemerys, 1
chemerys, 1
roman, 1
sickmyduck, 1
derkach, 1
allcatsarebeautiful, 1
sergii, 1
ocheretniy, 1
andrii, 1
yevhen, 1
mrdindows, 1
zadorozhnii, 1
